x	y	label	group	showSelected1
1	1.995	0	1	1
1	1.995	0	1	2
1	1.995	0	1	3
1	1.995	0	1	4
1	1.995	0	1	5
1	1.995	0	1	6
1	1.995	0	1	7
1	1.995	0	1	8
1	1.995	0	1	9
1	1.995	0	1	10
1	1.995	0	1	11
1	1.995	0	1	12
1	1.995	0	1	13
1	1.995	0	1	14
1	1.995	0	1	15
1	1.995	0	1	16
1	1.995	0	1	17
1	1.995	0	1	18
1	1.995	0	1	19
1	1.995	0	1	20
1	1.995	0	1	21
1	1.995	0	1	22
1	1.995	0	1	23
1	1.995	0	1	24
1	1.995	0	1	25
1	1.995	0	1	26
1	1.995	0	1	27
1	1.995	0	1	28
1	1.995	0	1	29
1	1.995	0	1	30
1	1.995	0	1	31
1	1.995	0	1	32
1	1.995	0	1	33
1	1.995	0	1	34
1	1.995	0	1	35
1	1.995	0	1	36
1	1.995	0	1	37
1	1.995	0	1	38
1	1.995	0	1	39
1	1.995	0	1	40
1	1.995	0	1	41
1	1.995	0	1	42
1	1.995	0	1	43
1	1.995	0	1	44
1	1.995	0	1	45
1	1.995	0	1	46
1	1.995	0	1	47
1	1.995	0	1	48
1	1.995	0	1	49
1	1.995	0	1	50
1	1.995	0	1	51
1	1.995	0	1	52
1	1.995	0	1	53
1	1.995	0	1	54
1	1.995	0	1	55
1	1.995	0	1	56
1	1.995	0	1	57
1	1.995	0	1	58
1	1.995	0	1	59
1	1.995	0	1	60
1	1.995	0	1	61
1	1.995	0	1	62
1	1.995	0	1	63
1	1.995	0	1	64
1	1.995	0	1	65
1	1.995	0	1	66
1	1.995	0	1	67
1	1.995	0	1	68
1	1.995	0	1	69
1	1.995	0	1	70
1	1.995	0	1	71
1	1.995	0	1	72
1	1.995	0	1	73
1	1.995	0	1	74
1	1.995	0	1	75
1	1.995	0	1	76
1	1.995	0	1	77
1	1.995	0	1	78
1	1.995	0	1	79
1	1.995	0	1	80
1	1.995	0	1	81
1	1.995	0	1	82
1	1.995	0	1	83
1	1.995	0	1	84
1	1.995	0	1	85
1	1.995	0	1	86
1	1.995	0	1	87
1	1.995	0	1	88
1	1.995	0	1	89
1	1.995	0	1	90
1	1.995	0	1	91
1	1.995	0	1	92
1	1.995	0	1	93
1	1.995	0	1	94
1	1.995	0	1	95
1	1.995	0	1	96
1	1.995	0	1	97
1	1.995	0	1	98
1	1.995	0	1	99
1	1.995	0	1	100
1	1.995	0	1	101
1	1.995	0	1	102
1	1.995	0	1	103
1	1.995	0	1	104
1	1.995	0	1	105
1	1.995	0	1	106
1	1.995	0	1	107
1	1.995	0	1	108
1	1.995	0	1	109
1	1.995	0	1	110
1	1.995	0	1	111
1	1.995	0	1	112
1	1.995	0	1	113
1	1.995	0	1	114
1	1.995	0	1	115
1	1.995	0	1	116
1	1.995	0	1	117
1	1.995	0	1	118
1	1.995	0	1	119
1	1.995	0	1	120
1	1.995	0	1	121
1	1.995	0	1	122
1	1.995	0	1	123
1	1.995	0	1	124
1	1.995	0	1	125
1	1.995	0	1	126
1	1.995	0	1	127
1	1.995	0	1	128
1	1.995	0	1	129
1	1.995	0	1	130
1	1.995	0	1	131
1	1.995	0	1	132
1	1.995	0	1	133
1	1.995	0	1	134
1	1.995	0	1	135
1	1.995	0	1	136
1	1.995	0	1	137
1	1.995	0	1	138
1	1.995	0	1	139
1	1.995	0	1	140
1	1.995	0	1	141
1	1.995	0	1	142
1	1.995	0	1	143
1	1.995	0	1	144
1	1.995	0	1	145
1	1.995	0	1	146
1	1.995	0	1	147
1	1.995	0	1	148
1	1.995	0	1	149
1	1.995	0	1	150
1	1.995	0	1	151
1	1.995	0	1	152
1	1.995	0	1	153
1	1.995	0	1	154
1	1.995	0	1	155
1	1.995	0	1	156
1	1.995	0	1	157
1	1.995	0	1	158
1	1.995	0	1	159
1	1.995	0	1	160
1	1.995	0	1	161
1	1.995	0	1	162
1	1.995	0	1	163
1	1.995	0	1	164
1	1.995	0	1	165
1	1.995	0	1	166
1	1.995	0	1	167
1	1.995	0	1	168
1	1.995	0	1	169
1	1.995	0	1	170
1	1.995	0	1	171
1	1.995	0	1	172
1	1.995	0	1	173
1	1.995	0	1	174
1	1.995	0	1	175
1	1.995	0	1	176
1	1.995	0	1	177
1	1.995	0	1	178
1	1.995	0	1	179
1	1.995	0	1	180
1	1.995	0	1	181
1	1.995	0	1	182
1	1.995	0	1	183
1	1.995	0	1	184
1	1.995	0	1	185
1	1.995	0	1	186
1	1.995	0	1	187
1	1.995	0	1	188
1	1.995	0	1	189
1	1.995	0	1	190
1	1.995	0	1	191
1	1.995	0	1	192
1	1.995	0	1	193
1	1.995	0	1	194
1	1.995	0	1	195
1	1.995	0	1	196
1	1.995	0	1	197
1	1.995	0	1	198
1	1.995	0	1	199
1	1.995	0	1	200
1	1.995	0	1	201
1	1.995	0	1	202
1	1.995	0	1	203
1	1.995	0	1	204
1	1.995	0	1	205
1	1.995	0	1	206
1	1.995	0	1	207
1	1.995	0	1	208
1	1.995	0	1	209
1	1.995	0	1	210
1	1.995	0	1	211
1	1.995	0	1	212
1	1.995	0	1	213
1	1.995	0	1	214
1	1.995	0	1	215
1	1.995	0	1	216
1	1.995	0	1	217
1	1.995	0	1	218
1	1.995	0	1	219
1	1.995	0	1	220
1	1.995	0	1	221
1	1.995	0	1	222
1	1.995	0	1	223
1	1.995	0	1	224
1	1.995	0	1	225
1	1.995	0	1	226
1	1.995	0	1	227
1	1.995	0	1	228
1	1.995	0	1	229
1	1.995	0	1	230
1	1.995	0	1	231
1	1.995	0	1	232
1	1.995	0	1	233
1	1.995	0	1	234
1	1.995	0	1	235
1	1.995	0	1	236
1	1.995	0	1	237
1	1.995	0	1	238
1	1.995	0	1	239
1	1.995	0	1	240
1	1.995	0	1	241
1	1.995	0	1	242
1	1.995	0	1	243
1	1.995	0	1	244
1	1.995	0	1	245
1	1.995	0	1	246
1	1.995	0	1	247
1	1.995	0	1	248
1	1.995	0	1	249
1	1.995	0	1	250
1	1.995	0	1	251
1	1.995	0	1	252
1	1.995	0	1	253
1	1.995	0	1	254
1	1.995	0	1	255
1	1.995	0	1	256
1	1.995	0	1	257
1	1.995	0	1	258
1	1.995	0	1	259
1	1.995	0	1	260
1	1.995	0	1	261
1	1.995	0	1	262
1	1.995	0	1	263
1	1.995	0	1	264
1	1.995	0	1	265
1	1.995	0	1	266
1	1.995	0	1	267
1	1.995	0	1	268
1	1.995	0	1	269
1	1.995	0	1	270
1	1.995	0	1	271
1	1.995	0	1	272
1	1.995	0	1	273
1	1.995	0	1	274
1	1.995	0	1	275
1	1.995	0	1	276
1	1.995	0	1	277
1	1.995	0	1	278
1	1.995	0	1	279
1	1.995	0	1	280
1	1.995	0	1	281
1	1.995	0	1	282
1	1.995	0	1	283
1	1.995	0	1	284
1	1.995	0	1	285
1	1.995	0	1	286
1	1.995	0	1	287
1	1.995	0	1	288
1	1.995	0	1	289
1	1.995	0	1	290
1	1.995	0	1	291
1	1.995	0	1	292
1	1.995	0	1	293
1	1.995	0	1	294
1	1.995	0	1	295
1	1.995	0	1	296
1	1.995	0	1	297
1	1.995	0	1	298
1	1.995	0	1	299
1	1.995	0	1	300
2	1.995	0	2	1
2	1.995	0	2	2
2	1.995	0	2	3
2	1.995	0	2	4
2	1.995	0	2	5
2	1.995	0	2	6
2	1.995	0	2	7
2	1.995	0	2	8
2	1.995	0	2	9
2	1.995	0	2	10
2	1.995	0	2	11
2	1.995	0	2	12
2	1.995	0	2	13
2	1.995	0	2	14
2	1.995	0	2	15
2	1.995	0	2	16
2	1.995	0	2	17
2	1.995	0	2	18
2	1.995	0	2	19
2	1.995	0	2	20
2	1.995	0	2	21
2	1.995	0	2	22
2	1.995	0	2	23
2	1.995	0	2	24
2	1.995	0	2	25
2	1.995	0	2	26
2	1.995	0	2	27
2	1.995	0	2	28
2	1.995	0	2	29
2	1.995	0	2	30
2	1.995	0	2	31
2	1.995	0	2	32
2	1.995	0	2	33
2	1.995	0	2	34
2	1.995	0	2	35
2	1.995	0	2	36
2	1.995	0	2	37
2	1.995	0	2	38
2	1.995	0	2	39
2	1.995	0	2	40
2	1.995	0	2	41
2	1.995	0	2	42
2	1.995	0	2	43
2	1.995	0	2	44
2	1.995	0	2	45
2	1.995	0	2	46
2	1.995	0	2	47
2	1.995	0	2	48
2	1.995	0	2	49
2	1.995	0	2	50
2	1.995	0	2	51
2	1.995	0	2	52
2	1.995	0	2	53
2	1.995	0	2	54
2	1.995	0	2	55
2	1.995	0	2	56
2	1.995	0	2	57
2	1.995	0	2	58
2	1.995	0	2	59
2	1.995	0	2	60
2	1.995	0	2	61
2	1.995	0	2	62
2	1.995	0	2	63
2	1.995	0	2	64
2	1.995	0	2	65
2	1.995	0	2	66
2	1.995	0	2	67
2	1.995	0	2	68
2	1.995	0	2	69
2	1.995	0	2	70
2	1.995	0	2	71
2	1.995	0	2	72
2	1.995	0	2	73
2	1.995	0	2	74
2	1.995	0	2	75
2	1.995	0	2	76
2	1.995	0	2	77
2	1.995	0	2	78
2	1.995	0	2	79
2	1.995	0	2	80
2	1.995	0	2	81
2	1.995	0	2	82
2	1.995	0	2	83
2	1.995	0	2	84
2	1.995	0	2	85
2	1.995	0	2	86
2	1.995	0	2	87
2	1.995	0	2	88
2	1.995	0	2	89
2	1.995	0	2	90
2	1.995	0	2	91
2	1.995	0	2	92
2	1.995	0	2	93
2	1.995	0	2	94
2	1.995	0	2	95
2	1.995	0	2	96
2	1.995	0	2	97
2	1.995	0	2	98
2	1.995	0	2	99
2	1.995	0	2	100
2	1.995	0	2	101
2	1.995	0	2	102
2	1.995	0	2	103
2	1.995	0	2	104
2	1.995	0	2	105
2	1.995	0	2	106
2	1.995	0	2	107
2	1.995	0	2	108
2	1.995	0	2	109
2	1.995	0	2	110
2	1.995	0	2	111
2	1.995	0	2	112
2	1.995	0	2	113
2	1.995	0	2	114
2	1.995	0	2	115
2	1.995	0	2	116
2	1.995	0	2	117
2	1.995	0	2	118
2	1.995	0	2	119
2	1.995	0	2	120
2	1.995	0	2	121
2	1.995	0	2	122
2	1.995	0	2	123
2	1.995	0	2	124
2	1.995	0	2	125
2	1.995	0	2	126
2	1.995	0	2	127
2	1.995	0	2	128
2	1.995	0	2	129
2	1.995	0	2	130
2	1.995	0	2	131
2	1.995	0	2	132
2	1.995	0	2	133
2	1.995	0	2	134
2	1.995	0	2	135
2	1.995	0	2	136
2	1.995	0	2	137
2	1.995	0	2	138
2	1.995	0	2	139
2	1.995	0	2	140
2	1.995	0	2	141
2	1.995	0	2	142
2	1.995	0	2	143
2	1.995	0	2	144
2	1.995	0	2	145
2	1.995	0	2	146
2	1.995	0	2	147
2	1.995	0	2	148
2	1.995	0	2	149
2	1.995	0	2	150
2	1.995	0	2	151
2	1.995	0	2	152
2	1.995	0	2	153
2	1.995	0	2	154
2	1.995	0	2	155
2	1.995	0	2	156
2	1.995	0	2	157
2	1.995	0	2	158
2	1.995	0	2	159
2	1.995	0	2	160
2	1.995	0	2	161
2	1.995	0	2	162
2	1.995	0	2	163
2	1.995	0	2	164
2	1.995	0	2	165
2	1.995	0	2	166
2	1.995	0	2	167
2	1.995	0	2	168
2	1.995	0	2	169
2	1.995	0	2	170
2	1.995	0	2	171
2	1.995	0	2	172
2	1.995	0	2	173
2	1.995	0	2	174
2	1.995	0	2	175
2	1.995	0	2	176
2	1.995	0	2	177
2	1.995	0	2	178
2	1.995	0	2	179
2	1.995	0	2	180
2	1.995	0	2	181
2	1.995	0	2	182
2	1.995	0	2	183
2	1.995	0	2	184
2	1.995	0	2	185
2	1.995	0	2	186
2	1.995	0	2	187
2	1.995	0	2	188
2	1.995	0	2	189
2	1.995	0	2	190
2	1.995	0	2	191
2	1.995	0	2	192
2	1.995	0	2	193
2	1.995	0	2	194
2	1.995	0	2	195
2	1.995	0	2	196
2	1.995	0	2	197
2	1.995	0	2	198
2	1.995	0	2	199
2	1.995	0	2	200
2	1.995	0	2	201
2	1.995	0	2	202
2	1.995	0	2	203
2	1.995	0	2	204
2	1.995	0	2	205
2	1.995	0	2	206
2	1.995	0	2	207
2	1.995	0	2	208
2	1.995	0	2	209
2	1.995	0	2	210
2	1.995	0	2	211
2	1.995	0	2	212
2	1.995	0	2	213
2	1.995	0	2	214
2	1.995	0	2	215
2	1.995	0	2	216
2	1.995	0	2	217
2	1.995	0	2	218
2	1.995	0	2	219
2	1.995	0	2	220
2	1.995	0	2	221
2	1.995	0	2	222
2	1.995	0	2	223
2	1.995	0	2	224
2	1.995	0	2	225
2	1.995	0	2	226
2	1.995	0	2	227
2	1.995	0	2	228
2	1.995	0	2	229
2	1.995	0	2	230
2	1.995	0	2	231
2	1.995	0	2	232
2	1.995	0	2	233
2	1.995	0	2	234
2	1.995	0	2	235
2	1.995	0	2	236
2	1.995	0	2	237
2	1.995	0	2	238
2	1.995	0	2	239
2	1.995	0	2	240
2	1.995	0	2	241
2	1.995	0	2	242
2	1.995	0	2	243
2	1.995	0	2	244
2	1.995	0	2	245
2	1.995	0	2	246
2	1.995	0	2	247
2	1.995	0	2	248
2	1.995	0	2	249
2	1.995	0	2	250
2	1.995	0	2	251
2	1.995	0	2	252
2	1.995	0	2	253
2	1.995	0	2	254
2	1.995	0	2	255
2	1.995	0	2	256
2	1.995	0	2	257
2	1.995	0	2	258
2	1.995	0	2	259
2	1.995	0	2	260
2	1.995	0	2	261
2	1.995	0	2	262
2	1.995	0	2	263
2	1.995	0	2	264
2	1.995	0	2	265
2	1.995	0	2	266
2	1.995	0	2	267
2	1.995	0	2	268
2	1.995	0	2	269
2	1.995	0	2	270
2	1.995	0	2	271
2	1.995	0	2	272
2	1.995	0	2	273
2	1.995	0	2	274
2	1.995	0	2	275
2	1.995	0	2	276
2	1.995	0	2	277
2	1.995	0	2	278
2	1.995	0	2	279
2	1.995	0	2	280
2	1.995	0	2	281
2	1.995	0	2	282
2	1.995	0	2	283
2	1.995	0	2	284
2	1.995	0	2	285
2	1.995	0	2	286
2	1.995	0	2	287
2	1.995	0	2	288
2	1.995	0	2	289
2	1.995	0	2	290
2	1.995	0	2	291
2	1.995	0	2	292
2	1.995	0	2	293
2	1.995	0	2	294
2	1.995	0	2	295
2	1.995	0	2	296
2	1.995	0	2	297
2	1.995	0	2	298
2	1.995	0	2	299
2	1.995	0	2	300
3	1.995	0	3	1
3	1.995	0	3	2
3	1.995	0	3	3
3	1.995	0	3	4
3	1.995	0	3	5
3	1.995	0	3	6
3	1.995	0	3	7
3	1.995	0	3	8
3	1.995	0	3	9
3	1.995	0	3	10
3	1.995	0	3	11
3	1.995	0	3	12
3	1.995	0	3	13
3	1.995	0	3	14
3	1.995	0	3	15
3	1.995	0	3	16
3	1.995	0	3	17
3	1.995	0	3	18
3	1.995	0	3	19
3	1.995	0	3	20
3	1.995	0	3	21
3	1.995	0	3	22
3	1.995	0	3	23
3	1.995	0	3	24
3	1.995	0	3	25
3	1.995	0	3	26
3	1.995	0	3	27
3	1.995	0	3	28
3	1.995	0	3	29
3	1.995	0	3	30
3	1.995	0	3	31
3	1.995	0	3	32
3	1.995	0	3	33
3	1.995	0	3	34
3	1.995	0	3	35
3	1.995	0	3	36
3	1.995	0	3	37
3	1.995	0	3	38
3	1.995	0	3	39
3	1.995	0	3	40
3	1.995	0	3	41
3	1.995	0	3	42
3	1.995	0	3	43
3	1.995	0	3	44
3	1.995	0	3	45
3	1.995	0	3	46
3	1.995	0	3	47
3	1.995	0	3	48
3	1.995	0	3	49
3	1.995	0	3	50
3	1.995	0	3	51
3	1.995	0	3	52
3	1.995	0	3	53
3	1.995	0	3	54
3	1.995	0	3	55
3	1.995	0	3	56
3	1.995	0	3	57
3	1.995	0	3	58
3	1.995	0	3	59
3	1.995	0	3	60
3	1.995	0	3	61
3	1.995	0	3	62
3	1.995	0	3	63
3	1.995	0	3	64
3	1.995	0	3	65
3	1.995	0	3	66
3	1.995	0	3	67
3	1.995	0	3	68
3	1.995	0	3	69
3	1.995	0	3	70
3	1.995	0	3	71
3	1.995	0	3	72
3	1.995	0	3	73
3	1.995	0	3	74
3	1.995	0	3	75
3	1.995	0	3	76
3	1.995	0	3	77
3	1.995	0	3	78
3	1.995	0	3	79
3	1.995	0	3	80
3	1.995	0	3	81
3	1.995	0	3	82
3	1.995	0	3	83
3	1.995	0	3	84
3	1.995	0	3	85
3	1.995	0	3	86
3	1.995	0	3	87
3	1.995	0	3	88
3	1.995	0	3	89
3	1.995	0	3	90
3	1.995	0	3	91
3	2.995	1	3	92
3	2.995	1	3	93
3	2.995	1	3	94
3	2.995	1	3	95
3	2.995	1	3	96
3	2.995	1	3	97
3	2.995	1	3	98
3	2.995	1	3	99
3	2.995	1	3	100
3	2.995	1	3	101
3	2.995	1	3	102
3	2.995	1	3	103
3	2.995	1	3	104
3	2.995	1	3	105
3	2.995	1	3	106
3	2.995	1	3	107
3	2.995	1	3	108
3	2.995	1	3	109
3	2.995	1	3	110
3	2.995	1	3	111
3	2.995	1	3	112
3	2.995	1	3	113
3	2.995	1	3	114
3	2.995	1	3	115
3	2.995	1	3	116
3	2.995	1	3	117
3	2.995	1	3	118
3	2.995	1	3	119
3	2.995	1	3	120
3	2.995	1	3	121
3	2.995	1	3	122
3	2.995	1	3	123
3	2.995	1	3	124
3	2.995	1	3	125
3	2.995	1	3	126
3	2.995	1	3	127
3	2.995	1	3	128
3	2.995	1	3	129
3	2.995	1	3	130
3	2.995	1	3	131
3	3.995	2	3	132
3	3.995	2	3	133
3	3.995	2	3	134
3	3.995	2	3	135
3	3.995	2	3	136
3	3.995	2	3	137
3	3.995	2	3	138
3	3.995	2	3	139
3	3.995	2	3	140
3	3.995	2	3	141
3	3.995	2	3	142
3	3.995	2	3	143
3	3.995	2	3	144
3	3.995	2	3	145
3	3.995	2	3	146
3	3.995	2	3	147
3	3.995	2	3	148
3	3.995	2	3	149
3	3.995	2	3	150
3	3.995	2	3	151
3	4.995	3	3	152
3	4.995	3	3	153
3	4.995	3	3	154
3	4.995	3	3	155
3	4.995	3	3	156
3	4.995	3	3	157
3	4.995	3	3	158
3	4.995	3	3	159
3	4.995	3	3	160
3	4.995	3	3	161
3	4.995	3	3	162
3	4.995	3	3	163
3	4.995	3	3	164
3	4.995	3	3	165
3	4.995	3	3	166
3	4.995	3	3	167
3	4.995	3	3	168
3	4.995	3	3	169
3	4.995	3	3	170
3	4.995	3	3	171
3	4.995	3	3	172
3	4.995	3	3	173
3	4.995	3	3	174
3	4.995	3	3	175
3	4.995	3	3	176
3	4.995	3	3	177
3	4.995	3	3	178
3	4.995	3	3	179
3	4.995	3	3	180
3	4.995	3	3	181
3	4.995	3	3	182
3	4.995	3	3	183
3	4.995	3	3	184
3	4.995	3	3	185
3	4.995	3	3	186
3	4.995	3	3	187
3	4.995	3	3	188
3	4.995	3	3	189
3	4.995	3	3	190
3	4.995	3	3	191
3	4.995	3	3	192
3	4.995	3	3	193
3	4.995	3	3	194
3	4.995	3	3	195
3	4.995	3	3	196
3	4.995	3	3	197
3	4.995	3	3	198
3	4.995	3	3	199
3	4.995	3	3	200
3	4.995	3	3	201
3	4.995	3	3	202
3	4.995	3	3	203
3	4.995	3	3	204
3	4.995	3	3	205
3	4.995	3	3	206
3	4.995	3	3	207
3	4.995	3	3	208
3	4.995	3	3	209
3	4.995	3	3	210
3	4.995	3	3	211
3	4.995	3	3	212
3	4.995	3	3	213
3	4.995	3	3	214
3	4.995	3	3	215
3	4.995	3	3	216
3	4.995	3	3	217
3	4.995	3	3	218
3	4.995	3	3	219
3	4.995	3	3	220
3	4.995	3	3	221
3	4.995	3	3	222
3	4.995	3	3	223
3	4.995	3	3	224
3	4.995	3	3	225
3	4.995	3	3	226
3	4.995	3	3	227
3	4.995	3	3	228
3	4.995	3	3	229
3	4.995	3	3	230
3	4.995	3	3	231
3	4.995	3	3	232
3	4.995	3	3	233
3	4.995	3	3	234
3	4.995	3	3	235
3	4.995	3	3	236
3	4.995	3	3	237
3	4.995	3	3	238
3	4.995	3	3	239
3	4.995	3	3	240
3	4.995	3	3	241
3	4.995	3	3	242
3	4.995	3	3	243
3	4.995	3	3	244
3	4.995	3	3	245
3	4.995	3	3	246
3	4.995	3	3	247
3	4.995	3	3	248
3	4.995	3	3	249
3	4.995	3	3	250
3	4.995	3	3	251
3	4.995	3	3	252
3	4.995	3	3	253
3	4.995	3	3	254
3	4.995	3	3	255
3	4.995	3	3	256
3	4.995	3	3	257
3	4.995	3	3	258
3	4.995	3	3	259
3	4.995	3	3	260
3	4.995	3	3	261
3	4.995	3	3	262
3	4.995	3	3	263
3	4.995	3	3	264
3	4.995	3	3	265
3	4.995	3	3	266
3	4.995	3	3	267
3	4.995	3	3	268
3	4.995	3	3	269
3	4.995	3	3	270
3	4.995	3	3	271
3	4.995	3	3	272
3	4.995	3	3	273
3	4.995	3	3	274
3	4.995	3	3	275
3	4.995	3	3	276
3	4.995	3	3	277
3	4.995	3	3	278
3	4.995	3	3	279
3	4.995	3	3	280
3	4.995	3	3	281
3	4.995	3	3	282
3	4.995	3	3	283
3	4.995	3	3	284
3	4.995	3	3	285
3	4.995	3	3	286
3	4.995	3	3	287
3	4.995	3	3	288
3	4.995	3	3	289
3	4.995	3	3	290
3	4.995	3	3	291
3	4.995	3	3	292
3	4.995	3	3	293
3	4.995	3	3	294
3	4.995	3	3	295
3	4.995	3	3	296
3	4.995	3	3	297
3	4.995	3	3	298
3	4.995	3	3	299
3	4.995	3	3	300
4	1.995	0	4	1
4	1.995	0	4	2
4	1.995	0	4	3
4	1.995	0	4	4
4	1.995	0	4	5
4	1.995	0	4	6
4	1.995	0	4	7
4	1.995	0	4	8
4	1.995	0	4	9
4	1.995	0	4	10
4	1.995	0	4	11
4	1.995	0	4	12
4	1.995	0	4	13
4	1.995	0	4	14
4	1.995	0	4	15
4	1.995	0	4	16
4	1.995	0	4	17
4	1.995	0	4	18
4	1.995	0	4	19
4	1.995	0	4	20
4	1.995	0	4	21
4	1.995	0	4	22
4	1.995	0	4	23
4	1.995	0	4	24
4	1.995	0	4	25
4	1.995	0	4	26
4	1.995	0	4	27
4	1.995	0	4	28
4	1.995	0	4	29
4	1.995	0	4	30
4	1.995	0	4	31
4	1.995	0	4	32
4	1.995	0	4	33
4	1.995	0	4	34
4	1.995	0	4	35
4	1.995	0	4	36
4	1.995	0	4	37
4	1.995	0	4	38
4	1.995	0	4	39
4	1.995	0	4	40
4	1.995	0	4	41
4	1.995	0	4	42
4	1.995	0	4	43
4	1.995	0	4	44
4	1.995	0	4	45
4	1.995	0	4	46
4	1.995	0	4	47
4	1.995	0	4	48
4	1.995	0	4	49
4	1.995	0	4	50
4	1.995	0	4	51
4	1.995	0	4	52
4	1.995	0	4	53
4	1.995	0	4	54
4	1.995	0	4	55
4	1.995	0	4	56
4	1.995	0	4	57
4	1.995	0	4	58
4	1.995	0	4	59
4	1.995	0	4	60
4	1.995	0	4	61
4	1.995	0	4	62
4	1.995	0	4	63
4	1.995	0	4	64
4	1.995	0	4	65
4	1.995	0	4	66
4	1.995	0	4	67
4	1.995	0	4	68
4	1.995	0	4	69
4	1.995	0	4	70
4	1.995	0	4	71
4	1.995	0	4	72
4	1.995	0	4	73
4	1.995	0	4	74
4	1.995	0	4	75
4	1.995	0	4	76
4	1.995	0	4	77
4	1.995	0	4	78
4	1.995	0	4	79
4	1.995	0	4	80
4	1.995	0	4	81
4	1.995	0	4	82
4	1.995	0	4	83
4	1.995	0	4	84
4	1.995	0	4	85
4	1.995	0	4	86
4	1.995	0	4	87
4	1.995	0	4	88
4	1.995	0	4	89
4	1.995	0	4	90
4	1.995	0	4	91
4	1.995	0	4	92
4	1.995	0	4	93
4	1.995	0	4	94
4	1.995	0	4	95
4	1.995	0	4	96
4	1.995	0	4	97
4	1.995	0	4	98
4	1.995	0	4	99
4	1.995	0	4	100
4	1.995	0	4	101
4	2.995	1	4	102
4	2.995	1	4	103
4	2.995	1	4	104
4	2.995	1	4	105
4	2.995	1	4	106
4	2.995	1	4	107
4	2.995	1	4	108
4	2.995	1	4	109
4	2.995	1	4	110
4	2.995	1	4	111
4	2.995	1	4	112
4	2.995	1	4	113
4	2.995	1	4	114
4	2.995	1	4	115
4	2.995	1	4	116
4	2.995	1	4	117
4	2.995	1	4	118
4	2.995	1	4	119
4	2.995	1	4	120
4	3.995	2	4	121
4	3.995	2	4	122
4	3.995	2	4	123
4	3.995	2	4	124
4	3.995	2	4	125
4	3.995	2	4	126
4	3.995	2	4	127
4	3.995	2	4	128
4	3.995	2	4	129
4	3.995	2	4	130
4	3.995	2	4	131
4	3.995	2	4	132
4	3.995	2	4	133
4	3.995	2	4	134
4	3.995	2	4	135
4	3.995	2	4	136
4	3.995	2	4	137
4	3.995	2	4	138
4	3.995	2	4	139
4	3.995	2	4	140
4	3.995	2	4	141
4	3.995	2	4	142
4	3.995	2	4	143
4	4.995	3	4	144
4	4.995	3	4	145
4	4.995	3	4	146
4	4.995	3	4	147
4	4.995	3	4	148
4	4.995	3	4	149
4	4.995	3	4	150
4	4.995	3	4	151
4	4.995	3	4	152
4	4.995	3	4	153
4	4.995	3	4	154
4	4.995	3	4	155
4	4.995	3	4	156
4	4.995	3	4	157
4	4.995	3	4	158
4	4.995	3	4	159
4	5.995	4	4	160
4	5.995	4	4	161
4	5.995	4	4	162
4	5.995	4	4	163
4	5.995	4	4	164
4	5.995	4	4	165
4	5.995	4	4	166
4	5.995	4	4	167
4	5.995	4	4	168
4	5.995	4	4	169
4	5.995	4	4	170
4	5.995	4	4	171
4	5.995	4	4	172
4	5.995	4	4	173
4	5.995	4	4	174
4	5.995	4	4	175
4	5.995	4	4	176
4	5.995	4	4	177
4	5.995	4	4	178
4	5.995	4	4	179
4	5.995	4	4	180
4	5.995	4	4	181
4	6.995	5	4	182
4	6.995	5	4	183
4	6.995	5	4	184
4	6.995	5	4	185
4	6.995	5	4	186
4	6.995	5	4	187
4	6.995	5	4	188
4	6.995	5	4	189
4	6.995	5	4	190
4	6.995	5	4	191
4	6.995	5	4	192
4	6.995	5	4	193
4	6.995	5	4	194
4	6.995	5	4	195
4	6.995	5	4	196
4	7.995	6	4	197
4	7.995	6	4	198
4	7.995	6	4	199
4	7.995	6	4	200
4	8.995	7	4	201
4	8.995	7	4	202
4	8.995	7	4	203
4	8.995	7	4	204
4	8.995	7	4	205
4	8.995	7	4	206
4	8.995	7	4	207
4	8.995	7	4	208
4	8.995	7	4	209
4	8.995	7	4	210
4	8.995	7	4	211
4	8.995	7	4	212
4	8.995	7	4	213
4	8.995	7	4	214
4	8.995	7	4	215
4	8.995	7	4	216
4	8.995	7	4	217
4	8.995	7	4	218
4	8.995	7	4	219
4	8.995	7	4	220
4	8.995	7	4	221
4	8.995	7	4	222
4	8.995	7	4	223
4	8.995	7	4	224
4	9.995	8	4	225
4	9.995	8	4	226
4	9.995	8	4	227
4	9.995	8	4	228
4	9.995	8	4	229
4	9.995	8	4	230
4	9.995	8	4	231
4	9.995	8	4	232
4	9.995	8	4	233
4	9.995	8	4	234
4	9.995	8	4	235
4	9.995	8	4	236
4	9.995	8	4	237
4	9.995	8	4	238
4	9.995	8	4	239
4	9.995	8	4	240
4	9.995	8	4	241
4	9.995	8	4	242
4	9.995	8	4	243
4	10.995	9	4	244
4	10.995	9	4	245
4	10.995	9	4	246
4	10.995	9	4	247
4	10.995	9	4	248
4	11.995	10	4	249
4	11.995	10	4	250
4	11.995	10	4	251
4	12.995	11	4	252
4	12.995	11	4	253
4	12.995	11	4	254
4	12.995	11	4	255
4	12.995	11	4	256
4	12.995	11	4	257
4	12.995	11	4	258
4	12.995	11	4	259
4	12.995	11	4	260
4	12.995	11	4	261
4	12.995	11	4	262
4	12.995	11	4	263
4	12.995	11	4	264
4	12.995	11	4	265
4	12.995	11	4	266
4	12.995	11	4	267
4	12.995	11	4	268
4	13.995	12	4	269
4	13.995	12	4	270
4	13.995	12	4	271
4	14.995	13	4	272
4	14.995	13	4	273
4	14.995	13	4	274
4	15.995	14	4	275
4	15.995	14	4	276
4	15.995	14	4	277
4	15.995	14	4	278
4	15.995	14	4	279
4	15.995	14	4	280
4	15.995	14	4	281
4	15.995	14	4	282
4	15.995	14	4	283
4	15.995	14	4	284
4	15.995	14	4	285
4	15.995	14	4	286
4	15.995	14	4	287
4	15.995	14	4	288
4	15.995	14	4	289
4	15.995	14	4	290
4	15.995	14	4	291
4	15.995	14	4	292
4	15.995	14	4	293
4	15.995	14	4	294
4	15.995	14	4	295
4	15.995	14	4	296
4	15.995	14	4	297
4	15.995	14	4	298
4	15.995	14	4	299
4	15.995	14	4	300
5	1.995	0	5	1
5	1.995	0	5	2
5	1.995	0	5	3
5	1.995	0	5	4
5	1.995	0	5	5
5	1.995	0	5	6
5	1.995	0	5	7
5	1.995	0	5	8
5	1.995	0	5	9
5	1.995	0	5	10
5	1.995	0	5	11
5	1.995	0	5	12
5	1.995	0	5	13
5	1.995	0	5	14
5	1.995	0	5	15
5	1.995	0	5	16
5	1.995	0	5	17
5	1.995	0	5	18
5	2.995	1	5	19
5	2.995	1	5	20
5	2.995	1	5	21
5	2.995	1	5	22
5	2.995	1	5	23
5	2.995	1	5	24
5	2.995	1	5	25
5	2.995	1	5	26
5	2.995	1	5	27
5	3.995	2	5	28
5	3.995	2	5	29
5	4.995	3	5	30
5	4.995	3	5	31
5	4.995	3	5	32
5	4.995	3	5	33
5	4.995	3	5	34
5	4.995	3	5	35
5	4.995	3	5	36
5	4.995	3	5	37
5	4.995	3	5	38
5	4.995	3	5	39
5	4.995	3	5	40
5	4.995	3	5	41
5	4.995	3	5	42
5	4.995	3	5	43
5	4.995	3	5	44
5	4.995	3	5	45
5	4.995	3	5	46
5	4.995	3	5	47
5	4.995	3	5	48
5	4.995	3	5	49
5	4.995	3	5	50
5	4.995	3	5	51
5	4.995	3	5	52
5	4.995	3	5	53
5	4.995	3	5	54
5	4.995	3	5	55
5	4.995	3	5	56
5	5.995	4	5	57
5	5.995	4	5	58
5	5.995	4	5	59
5	5.995	4	5	60
5	5.995	4	5	61
5	5.995	4	5	62
5	5.995	4	5	63
5	5.995	4	5	64
5	5.995	4	5	65
5	5.995	4	5	66
5	5.995	4	5	67
5	5.995	4	5	68
5	5.995	4	5	69
5	5.995	4	5	70
5	5.995	4	5	71
5	5.995	4	5	72
5	5.995	4	5	73
5	5.995	4	5	74
5	5.995	4	5	75
5	5.995	4	5	76
5	5.995	4	5	77
5	5.995	4	5	78
5	5.995	4	5	79
5	5.995	4	5	80
5	5.995	4	5	81
5	5.995	4	5	82
5	5.995	4	5	83
5	5.995	4	5	84
5	5.995	4	5	85
5	5.995	4	5	86
5	5.995	4	5	87
5	5.995	4	5	88
5	5.995	4	5	89
5	5.995	4	5	90
5	6.995	5	5	91
5	6.995	5	5	92
5	7.995	6	5	93
5	7.995	6	5	94
5	8.995	7	5	95
5	8.995	7	5	96
5	8.995	7	5	97
5	8.995	7	5	98
5	8.995	7	5	99
5	8.995	7	5	100
5	9.995	8	5	101
5	9.995	8	5	102
5	10.995	9	5	103
5	10.995	9	5	104
5	10.995	9	5	105
5	10.995	9	5	106
5	10.995	9	5	107
5	10.995	9	5	108
5	11.995	10	5	109
5	11.995	10	5	110
5	11.995	10	5	111
5	12.995	11	5	112
5	12.995	11	5	113
5	12.995	11	5	114
5	12.995	11	5	115
5	12.995	11	5	116
5	12.995	11	5	117
5	12.995	11	5	118
5	12.995	11	5	119
5	12.995	11	5	120
5	12.995	11	5	121
5	12.995	11	5	122
5	13.995	12	5	123
5	13.995	12	5	124
5	13.995	12	5	125
5	13.995	12	5	126
5	13.995	12	5	127
5	13.995	12	5	128
5	13.995	12	5	129
5	14.995	13	5	130
5	14.995	13	5	131
5	14.995	13	5	132
5	14.995	13	5	133
5	14.995	13	5	134
5	14.995	13	5	135
5	14.995	13	5	136
5	14.995	13	5	137
5	15.995	14	5	138
5	15.995	14	5	139
5	16.995	15	5	140
5	16.995	15	5	141
5	17.995	16	5	142
5	17.995	16	5	143
5	17.995	16	5	144
5	17.995	16	5	145
5	17.995	16	5	146
5	17.995	16	5	147
5	17.995	16	5	148
5	17.995	16	5	149
5	17.995	16	5	150
5	17.995	16	5	151
5	17.995	16	5	152
5	17.995	16	5	153
5	17.995	16	5	154
5	17.995	16	5	155
5	17.995	16	5	156
5	17.995	16	5	157
5	17.995	16	5	158
5	17.995	16	5	159
5	17.995	16	5	160
5	18.995	17	5	161
5	18.995	17	5	162
5	18.995	17	5	163
5	18.995	17	5	164
5	18.995	17	5	165
5	18.995	17	5	166
5	18.995	17	5	167
5	18.995	17	5	168
5	18.995	17	5	169
5	19.995	18	5	170
5	19.995	18	5	171
5	19.995	18	5	172
5	19.995	18	5	173
5	20.995	19	5	174
5	21.995	20	5	175
5	22.995	21	5	176
5	22.995	21	5	177
5	23.995	22	5	178
5	23.995	22	5	179
5	23.995	22	5	180
5	23.995	22	5	181
5	23.995	22	5	182
5	23.995	22	5	183
5	23.995	22	5	184
5	23.995	22	5	185
5	23.995	22	5	186
5	23.995	22	5	187
5	23.995	22	5	188
5	23.995	22	5	189
5	23.995	22	5	190
5	23.995	22	5	191
5	23.995	22	5	192
5	23.995	22	5	193
5	23.995	22	5	194
5	24.995	23	5	195
5	24.995	23	5	196
5	24.995	23	5	197
5	24.995	23	5	198
5	24.995	23	5	199
5	24.995	23	5	200
5	24.995	23	5	201
5	24.995	23	5	202
5	24.995	23	5	203
5	24.995	23	5	204
5	24.995	23	5	205
5	24.995	23	5	206
5	24.995	23	5	207
5	24.995	23	5	208
5	24.995	23	5	209
5	24.995	23	5	210
5	24.995	23	5	211
5	24.995	23	5	212
5	24.995	23	5	213
5	24.995	23	5	214
5	25.995	24	5	215
5	25.995	24	5	216
5	25.995	24	5	217
5	25.995	24	5	218
5	26.995	25	5	219
5	26.995	25	5	220
5	26.995	25	5	221
5	26.995	25	5	222
5	26.995	25	5	223
5	26.995	25	5	224
5	26.995	25	5	225
5	27.995	26	5	226
5	27.995	26	5	227
5	27.995	26	5	228
5	27.995	26	5	229
5	27.995	26	5	230
5	27.995	26	5	231
5	27.995	26	5	232
5	27.995	26	5	233
5	27.995	26	5	234
5	27.995	26	5	235
5	27.995	26	5	236
5	27.995	26	5	237
5	27.995	26	5	238
5	27.995	26	5	239
5	27.995	26	5	240
5	27.995	26	5	241
5	27.995	26	5	242
5	27.995	26	5	243
5	27.995	26	5	244
5	27.995	26	5	245
5	27.995	26	5	246
5	27.995	26	5	247
5	27.995	26	5	248
5	27.995	26	5	249
5	27.995	26	5	250
5	27.995	26	5	251
5	27.995	26	5	252
5	28.995	27	5	253
5	28.995	27	5	254
5	28.995	27	5	255
5	28.995	27	5	256
5	28.995	27	5	257
5	28.995	27	5	258
5	28.995	27	5	259
5	28.995	27	5	260
5	28.995	27	5	261
5	28.995	27	5	262
5	28.995	27	5	263
5	28.995	27	5	264
5	28.995	27	5	265
5	29.995	28	5	266
5	29.995	28	5	267
5	29.995	28	5	268
5	29.995	28	5	269
5	29.995	28	5	270
5	29.995	28	5	271
5	29.995	28	5	272
5	29.995	28	5	273
5	29.995	28	5	274
5	29.995	28	5	275
5	29.995	28	5	276
5	29.995	28	5	277
5	29.995	28	5	278
5	29.995	28	5	279
5	29.995	28	5	280
5	29.995	28	5	281
5	29.995	28	5	282
5	29.995	28	5	283
5	29.995	28	5	284
5	29.995	28	5	285
5	29.995	28	5	286
5	29.995	28	5	287
5	29.995	28	5	288
5	29.995	28	5	289
5	29.995	28	5	290
5	29.995	28	5	291
5	29.995	28	5	292
5	29.995	28	5	293
5	29.995	28	5	294
5	29.995	28	5	295
5	29.995	28	5	296
5	29.995	28	5	297
5	30.995	29	5	298
5	30.995	29	5	299
5	30.995	29	5	300
6	1.995	0	6	1
6	1.995	0	6	2
6	1.995	0	6	3
6	1.995	0	6	4
6	1.995	0	6	5
6	1.995	0	6	6
6	1.995	0	6	7
6	1.995	0	6	8
6	1.995	0	6	9
6	1.995	0	6	10
6	1.995	0	6	11
6	1.995	0	6	12
6	1.995	0	6	13
6	1.995	0	6	14
6	1.995	0	6	15
6	1.995	0	6	16
6	1.995	0	6	17
6	1.995	0	6	18
6	1.995	0	6	19
6	2.995	1	6	20
6	3.995	2	6	21
6	3.995	2	6	22
6	3.995	2	6	23
6	3.995	2	6	24
6	4.995	3	6	25
6	4.995	3	6	26
6	4.995	3	6	27
6	4.995	3	6	28
6	4.995	3	6	29
6	4.995	3	6	30
6	4.995	3	6	31
6	4.995	3	6	32
6	4.995	3	6	33
6	4.995	3	6	34
6	4.995	3	6	35
6	4.995	3	6	36
6	5.995	4	6	37
6	5.995	4	6	38
6	6.995	5	6	39
6	7.995	6	6	40
6	7.995	6	6	41
6	7.995	6	6	42
6	7.995	6	6	43
6	8.995	7	6	44
6	8.995	7	6	45
6	8.995	7	6	46
6	8.995	7	6	47
6	8.995	7	6	48
6	8.995	7	6	49
6	8.995	7	6	50
6	8.995	7	6	51
6	8.995	7	6	52
6	9.995	8	6	53
6	9.995	8	6	54
6	9.995	8	6	55
6	10.995	9	6	56
6	10.995	9	6	57
6	10.995	9	6	58
6	11.995	10	6	59
6	11.995	10	6	60
6	12.995	11	6	61
6	12.995	11	6	62
6	12.995	11	6	63
6	12.995	11	6	64
6	12.995	11	6	65
6	13.995	12	6	66
6	13.995	12	6	67
6	13.995	12	6	68
6	13.995	12	6	69
6	13.995	12	6	70
6	13.995	12	6	71
6	13.995	12	6	72
6	13.995	12	6	73
6	13.995	12	6	74
6	14.995	13	6	75
6	14.995	13	6	76
6	14.995	13	6	77
6	15.995	14	6	78
6	15.995	14	6	79
6	16.995	15	6	80
6	16.995	15	6	81
6	16.995	15	6	82
6	16.995	15	6	83
6	16.995	15	6	84
6	17.995	16	6	85
6	17.995	16	6	86
6	17.995	16	6	87
6	17.995	16	6	88
6	17.995	16	6	89
6	17.995	16	6	90
6	17.995	16	6	91
6	17.995	16	6	92
6	17.995	16	6	93
6	17.995	16	6	94
6	17.995	16	6	95
6	17.995	16	6	96
6	18.995	17	6	97
6	19.995	18	6	98
6	19.995	18	6	99
6	19.995	18	6	100
6	19.995	18	6	101
6	19.995	18	6	102
6	19.995	18	6	103
6	20.995	19	6	104
6	20.995	19	6	105
6	20.995	19	6	106
6	20.995	19	6	107
6	21.995	20	6	108
6	21.995	20	6	109
6	21.995	20	6	110
6	22.995	21	6	111
6	22.995	21	6	112
6	22.995	21	6	113
6	22.995	21	6	114
6	23.995	22	6	115
6	23.995	22	6	116
6	23.995	22	6	117
6	23.995	22	6	118
6	23.995	22	6	119
6	23.995	22	6	120
6	23.995	22	6	121
6	23.995	22	6	122
6	23.995	22	6	123
6	23.995	22	6	124
6	23.995	22	6	125
6	23.995	22	6	126
6	23.995	22	6	127
6	23.995	22	6	128
6	23.995	22	6	129
6	23.995	22	6	130
6	23.995	22	6	131
6	23.995	22	6	132
6	23.995	22	6	133
6	23.995	22	6	134
6	23.995	22	6	135
6	23.995	22	6	136
6	23.995	22	6	137
6	23.995	22	6	138
6	24.995	23	6	139
6	24.995	23	6	140
6	25.995	24	6	141
6	25.995	24	6	142
6	25.995	24	6	143
6	25.995	24	6	144
6	25.995	24	6	145
6	25.995	24	6	146
6	25.995	24	6	147
6	26.995	25	6	148
6	26.995	25	6	149
6	26.995	25	6	150
6	26.995	25	6	151
6	26.995	25	6	152
6	26.995	25	6	153
6	26.995	25	6	154
6	26.995	25	6	155
6	26.995	25	6	156
6	27.995	26	6	157
6	27.995	26	6	158
6	27.995	26	6	159
6	27.995	26	6	160
6	27.995	26	6	161
6	27.995	26	6	162
6	27.995	26	6	163
6	27.995	26	6	164
6	27.995	26	6	165
6	27.995	26	6	166
6	28.995	27	6	167
6	28.995	27	6	168
6	28.995	27	6	169
6	28.995	27	6	170
6	28.995	27	6	171
6	29.995	28	6	172
6	30.995	29	6	173
6	30.995	29	6	174
6	30.995	29	6	175
6	30.995	29	6	176
6	30.995	29	6	177
6	30.995	29	6	178
6	30.995	29	6	179
6	31.995	30	6	180
6	31.995	30	6	181
6	31.995	30	6	182
6	31.995	30	6	183
6	31.995	30	6	184
6	32.995	31	6	185
6	32.995	31	6	186
6	32.995	31	6	187
6	32.995	31	6	188
6	33.995	32	6	189
6	34.995	33	6	190
6	34.995	33	6	191
6	34.995	33	6	192
6	35.995	34	6	193
6	35.995	34	6	194
6	35.995	34	6	195
6	36.995	35	6	196
6	36.995	35	6	197
6	36.995	35	6	198
6	37.995	36	6	199
6	37.995	36	6	200
6	37.995	36	6	201
6	37.995	36	6	202
6	37.995	36	6	203
6	37.995	36	6	204
6	37.995	36	6	205
6	37.995	36	6	206
6	38.995	37	6	207
6	38.995	37	6	208
6	39.995	38	6	209
6	39.995	38	6	210
6	40.995	39	6	211
6	40.995	39	6	212
6	40.995	39	6	213
6	40.995	39	6	214
6	40.995	39	6	215
6	40.995	39	6	216
6	40.995	39	6	217
6	40.995	39	6	218
6	40.995	39	6	219
6	41.995	40	6	220
6	41.995	40	6	221
6	41.995	40	6	222
6	41.995	40	6	223
6	41.995	40	6	224
6	41.995	40	6	225
6	41.995	40	6	226
6	42.995	41	6	227
6	42.995	41	6	228
6	42.995	41	6	229
6	42.995	41	6	230
6	42.995	41	6	231
6	42.995	41	6	232
6	42.995	41	6	233
6	42.995	41	6	234
6	42.995	41	6	235
6	42.995	41	6	236
6	43.995	42	6	237
6	43.995	42	6	238
6	44.995	43	6	239
6	44.995	43	6	240
6	44.995	43	6	241
6	44.995	43	6	242
6	44.995	43	6	243
6	44.995	43	6	244
6	44.995	43	6	245
6	44.995	43	6	246
6	44.995	43	6	247
6	44.995	43	6	248
6	44.995	43	6	249
6	44.995	43	6	250
6	44.995	43	6	251
6	44.995	43	6	252
6	44.995	43	6	253
6	44.995	43	6	254
6	44.995	43	6	255
6	44.995	43	6	256
6	44.995	43	6	257
6	45.995	44	6	258
6	46.995	45	6	259
6	46.995	45	6	260
6	46.995	45	6	261
6	46.995	45	6	262
6	46.995	45	6	263
6	46.995	45	6	264
6	46.995	45	6	265
6	46.995	45	6	266
6	47.995	46	6	267
6	47.995	46	6	268
6	47.995	46	6	269
6	47.995	46	6	270
6	47.995	46	6	271
6	47.995	46	6	272
6	47.995	46	6	273
6	47.995	46	6	274
6	47.995	46	6	275
6	47.995	46	6	276
6	47.995	46	6	277
6	47.995	46	6	278
6	47.995	46	6	279
6	47.995	46	6	280
6	47.995	46	6	281
6	47.995	46	6	282
6	47.995	46	6	283
6	47.995	46	6	284
6	47.995	46	6	285
6	47.995	46	6	286
6	47.995	46	6	287
6	47.995	46	6	288
6	47.995	46	6	289
6	47.995	46	6	290
6	47.995	46	6	291
6	47.995	46	6	292
6	47.995	46	6	293
6	47.995	46	6	294
6	47.995	46	6	295
6	48.995	47	6	296
6	48.995	47	6	297
6	48.995	47	6	298
6	48.995	47	6	299
6	48.995	47	6	300
7	1.995	0	7	1
7	1.995	0	7	2
7	1.995	0	7	3
7	1.995	0	7	4
7	1.995	0	7	5
7	1.995	0	7	6
7	1.995	0	7	7
7	1.995	0	7	8
7	1.995	0	7	9
7	1.995	0	7	10
7	1.995	0	7	11
7	1.995	0	7	12
7	1.995	0	7	13
7	1.995	0	7	14
7	1.995	0	7	15
7	1.995	0	7	16
7	1.995	0	7	17
7	1.995	0	7	18
7	1.995	0	7	19
7	1.995	0	7	20
7	1.995	0	7	21
7	1.995	0	7	22
7	2.995	1	7	23
7	2.995	1	7	24
7	2.995	1	7	25
7	2.995	1	7	26
7	2.995	1	7	27
7	2.995	1	7	28
7	2.995	1	7	29
7	2.995	1	7	30
7	3.995	2	7	31
7	3.995	2	7	32
7	4.995	3	7	33
7	4.995	3	7	34
7	4.995	3	7	35
7	4.995	3	7	36
7	4.995	3	7	37
7	4.995	3	7	38
7	4.995	3	7	39
7	4.995	3	7	40
7	4.995	3	7	41
7	4.995	3	7	42
7	4.995	3	7	43
7	4.995	3	7	44
7	4.995	3	7	45
7	4.995	3	7	46
7	4.995	3	7	47
7	4.995	3	7	48
7	4.995	3	7	49
7	5.995	4	7	50
7	5.995	4	7	51
7	6.995	5	7	52
7	6.995	5	7	53
7	6.995	5	7	54
7	6.995	5	7	55
7	6.995	5	7	56
7	6.995	5	7	57
7	6.995	5	7	58
7	6.995	5	7	59
7	6.995	5	7	60
7	6.995	5	7	61
7	6.995	5	7	62
7	6.995	5	7	63
7	6.995	5	7	64
7	6.995	5	7	65
7	6.995	5	7	66
7	6.995	5	7	67
7	6.995	5	7	68
7	6.995	5	7	69
7	7.995	6	7	70
7	7.995	6	7	71
7	7.995	6	7	72
7	7.995	6	7	73
7	7.995	6	7	74
7	7.995	6	7	75
7	8.995	7	7	76
7	8.995	7	7	77
7	8.995	7	7	78
7	8.995	7	7	79
7	8.995	7	7	80
7	8.995	7	7	81
7	9.995	8	7	82
7	9.995	8	7	83
7	9.995	8	7	84
7	9.995	8	7	85
7	9.995	8	7	86
7	9.995	8	7	87
7	10.995	9	7	88
7	11.995	10	7	89
7	11.995	10	7	90
7	11.995	10	7	91
7	11.995	10	7	92
7	11.995	10	7	93
7	12.995	11	7	94
7	12.995	11	7	95
7	12.995	11	7	96
7	12.995	11	7	97
7	12.995	11	7	98
7	12.995	11	7	99
7	12.995	11	7	100
7	12.995	11	7	101
7	12.995	11	7	102
7	12.995	11	7	103
7	12.995	11	7	104
7	12.995	11	7	105
7	12.995	11	7	106
7	13.995	12	7	107
7	13.995	12	7	108
7	13.995	12	7	109
7	14.995	13	7	110
7	14.995	13	7	111
7	14.995	13	7	112
7	15.995	14	7	113
7	16.995	15	7	114
7	16.995	15	7	115
7	16.995	15	7	116
7	16.995	15	7	117
7	16.995	15	7	118
7	17.995	16	7	119
7	17.995	16	7	120
7	17.995	16	7	121
7	17.995	16	7	122
7	17.995	16	7	123
7	17.995	16	7	124
7	17.995	16	7	125
7	18.995	17	7	126
7	18.995	17	7	127
7	19.995	18	7	128
7	19.995	18	7	129
7	19.995	18	7	130
7	19.995	18	7	131
7	19.995	18	7	132
7	20.995	19	7	133
7	20.995	19	7	134
7	20.995	19	7	135
7	21.995	20	7	136
7	22.995	21	7	137
7	22.995	21	7	138
7	22.995	21	7	139
7	22.995	21	7	140
7	22.995	21	7	141
7	22.995	21	7	142
7	22.995	21	7	143
7	22.995	21	7	144
7	22.995	21	7	145
7	22.995	21	7	146
7	22.995	21	7	147
7	22.995	21	7	148
7	22.995	21	7	149
7	22.995	21	7	150
7	22.995	21	7	151
7	22.995	21	7	152
7	23.995	22	7	153
7	23.995	22	7	154
7	23.995	22	7	155
7	23.995	22	7	156
7	23.995	22	7	157
7	23.995	22	7	158
7	24.995	23	7	159
7	24.995	23	7	160
7	24.995	23	7	161
7	24.995	23	7	162
7	24.995	23	7	163
7	25.995	24	7	164
7	25.995	24	7	165
7	26.995	25	7	166
7	26.995	25	7	167
7	26.995	25	7	168
7	26.995	25	7	169
7	26.995	25	7	170
7	26.995	25	7	171
7	26.995	25	7	172
7	26.995	25	7	173
7	26.995	25	7	174
7	26.995	25	7	175
7	26.995	25	7	176
7	26.995	25	7	177
7	26.995	25	7	178
7	27.995	26	7	179
7	27.995	26	7	180
7	27.995	26	7	181
7	27.995	26	7	182
7	27.995	26	7	183
7	27.995	26	7	184
7	27.995	26	7	185
7	27.995	26	7	186
7	27.995	26	7	187
7	27.995	26	7	188
7	27.995	26	7	189
7	27.995	26	7	190
7	28.995	27	7	191
7	29.995	28	7	192
7	29.995	28	7	193
7	29.995	28	7	194
7	29.995	28	7	195
7	29.995	28	7	196
7	29.995	28	7	197
7	30.995	29	7	198
7	30.995	29	7	199
7	30.995	29	7	200
7	30.995	29	7	201
7	30.995	29	7	202
7	30.995	29	7	203
7	30.995	29	7	204
7	30.995	29	7	205
7	30.995	29	7	206
7	30.995	29	7	207
7	30.995	29	7	208
7	30.995	29	7	209
7	30.995	29	7	210
7	30.995	29	7	211
7	31.995	30	7	212
7	31.995	30	7	213
7	31.995	30	7	214
7	31.995	30	7	215
7	32.995	31	7	216
7	33.995	32	7	217
7	33.995	32	7	218
7	33.995	32	7	219
7	33.995	32	7	220
7	33.995	32	7	221
7	34.995	33	7	222
7	35.995	34	7	223
7	36.995	35	7	224
7	36.995	35	7	225
7	36.995	35	7	226
7	36.995	35	7	227
7	36.995	35	7	228
7	36.995	35	7	229
7	36.995	35	7	230
7	37.995	36	7	231
7	38.995	37	7	232
7	39.995	38	7	233
7	40.995	39	7	234
7	40.995	39	7	235
7	40.995	39	7	236
7	40.995	39	7	237
7	40.995	39	7	238
7	40.995	39	7	239
7	40.995	39	7	240
7	40.995	39	7	241
7	41.995	40	7	242
7	41.995	40	7	243
7	41.995	40	7	244
7	41.995	40	7	245
7	41.995	40	7	246
7	41.995	40	7	247
7	42.995	41	7	248
7	42.995	41	7	249
7	43.995	42	7	250
7	43.995	42	7	251
7	43.995	42	7	252
7	43.995	42	7	253
7	43.995	42	7	254
7	43.995	42	7	255
7	43.995	42	7	256
7	43.995	42	7	257
7	43.995	42	7	258
7	43.995	42	7	259
7	44.995	43	7	260
7	44.995	43	7	261
7	45.995	44	7	262
7	45.995	44	7	263
7	46.995	45	7	264
7	47.995	46	7	265
7	47.995	46	7	266
7	47.995	46	7	267
7	47.995	46	7	268
7	47.995	46	7	269
7	47.995	46	7	270
7	47.995	46	7	271
7	47.995	46	7	272
7	47.995	46	7	273
7	47.995	46	7	274
7	47.995	46	7	275
7	47.995	46	7	276
7	48.995	47	7	277
7	48.995	47	7	278
7	49.995	48	7	279
7	50.995	49	7	280
7	51.995	50	7	281
7	52.995	51	7	282
7	52.995	51	7	283
7	53.995	52	7	284
7	53.995	52	7	285
7	54.995	53	7	286
7	54.995	53	7	287
7	54.995	53	7	288
7	54.995	53	7	289
7	55.995	54	7	290
7	56.995	55	7	291
7	57.995	56	7	292
7	57.995	56	7	293
7	57.995	56	7	294
7	58.995	57	7	295
7	58.995	57	7	296
7	58.995	57	7	297
7	58.995	57	7	298
7	58.995	57	7	299
7	58.995	57	7	300
8	1.995	0	8	1
8	1.995	0	8	2
8	1.995	0	8	3
8	1.995	0	8	4
8	1.995	0	8	5
8	1.995	0	8	6
8	1.995	0	8	7
8	1.995	0	8	8
8	1.995	0	8	9
8	1.995	0	8	10
8	1.995	0	8	11
8	1.995	0	8	12
8	1.995	0	8	13
8	1.995	0	8	14
8	2.995	1	8	15
8	2.995	1	8	16
8	3.995	2	8	17
8	4.995	3	8	18
8	4.995	3	8	19
8	4.995	3	8	20
8	4.995	3	8	21
8	5.995	4	8	22
8	5.995	4	8	23
8	6.995	5	8	24
8	6.995	5	8	25
8	6.995	5	8	26
8	7.995	6	8	27
8	7.995	6	8	28
8	8.995	7	8	29
8	8.995	7	8	30
8	8.995	7	8	31
8	8.995	7	8	32
8	8.995	7	8	33
8	9.995	8	8	34
8	10.995	9	8	35
8	11.995	10	8	36
8	11.995	10	8	37
8	12.995	11	8	38
8	12.995	11	8	39
8	12.995	11	8	40
8	13.995	12	8	41
8	14.995	13	8	42
8	14.995	13	8	43
8	14.995	13	8	44
8	15.995	14	8	45
8	15.995	14	8	46
8	15.995	14	8	47
8	16.995	15	8	48
8	17.995	16	8	49
8	17.995	16	8	50
8	17.995	16	8	51
8	17.995	16	8	52
8	17.995	16	8	53
8	18.995	17	8	54
8	18.995	17	8	55
8	18.995	17	8	56
8	18.995	17	8	57
8	18.995	17	8	58
8	18.995	17	8	59
8	18.995	17	8	60
8	18.995	17	8	61
8	18.995	17	8	62
8	19.995	18	8	63
8	19.995	18	8	64
8	20.995	19	8	65
8	20.995	19	8	66
8	20.995	19	8	67
8	20.995	19	8	68
8	21.995	20	8	69
8	21.995	20	8	70
8	21.995	20	8	71
8	21.995	20	8	72
8	22.995	21	8	73
8	23.995	22	8	74
8	23.995	22	8	75
8	23.995	22	8	76
8	23.995	22	8	77
8	23.995	22	8	78
8	24.995	23	8	79
8	24.995	23	8	80
8	24.995	23	8	81
8	24.995	23	8	82
8	24.995	23	8	83
8	24.995	23	8	84
8	24.995	23	8	85
8	24.995	23	8	86
8	24.995	23	8	87
8	24.995	23	8	88
8	24.995	23	8	89
8	25.995	24	8	90
8	25.995	24	8	91
8	25.995	24	8	92
8	25.995	24	8	93
8	25.995	24	8	94
8	25.995	24	8	95
8	26.995	25	8	96
8	26.995	25	8	97
8	26.995	25	8	98
8	26.995	25	8	99
8	26.995	25	8	100
8	26.995	25	8	101
8	26.995	25	8	102
8	26.995	25	8	103
8	26.995	25	8	104
8	26.995	25	8	105
8	27.995	26	8	106
8	27.995	26	8	107
8	27.995	26	8	108
8	27.995	26	8	109
8	27.995	26	8	110
8	27.995	26	8	111
8	27.995	26	8	112
8	27.995	26	8	113
8	27.995	26	8	114
8	27.995	26	8	115
8	28.995	27	8	116
8	28.995	27	8	117
8	28.995	27	8	118
8	28.995	27	8	119
8	29.995	28	8	120
8	29.995	28	8	121
8	30.995	29	8	122
8	30.995	29	8	123
8	31.995	30	8	124
8	32.995	31	8	125
8	32.995	31	8	126
8	32.995	31	8	127
8	32.995	31	8	128
8	32.995	31	8	129
8	32.995	31	8	130
8	33.995	32	8	131
8	33.995	32	8	132
8	33.995	32	8	133
8	33.995	32	8	134
8	33.995	32	8	135
8	33.995	32	8	136
8	33.995	32	8	137
8	33.995	32	8	138
8	33.995	32	8	139
8	33.995	32	8	140
8	33.995	32	8	141
8	33.995	32	8	142
8	33.995	32	8	143
8	33.995	32	8	144
8	34.995	33	8	145
8	35.995	34	8	146
8	35.995	34	8	147
8	35.995	34	8	148
8	36.995	35	8	149
8	36.995	35	8	150
8	36.995	35	8	151
8	36.995	35	8	152
8	36.995	35	8	153
8	37.995	36	8	154
8	38.995	37	8	155
8	38.995	37	8	156
8	38.995	37	8	157
8	39.995	38	8	158
8	39.995	38	8	159
8	39.995	38	8	160
8	39.995	38	8	161
8	39.995	38	8	162
8	40.995	39	8	163
8	40.995	39	8	164
8	41.995	40	8	165
8	41.995	40	8	166
8	41.995	40	8	167
8	41.995	40	8	168
8	41.995	40	8	169
8	41.995	40	8	170
8	41.995	40	8	171
8	41.995	40	8	172
8	41.995	40	8	173
8	41.995	40	8	174
8	41.995	40	8	175
8	41.995	40	8	176
8	41.995	40	8	177
8	41.995	40	8	178
8	41.995	40	8	179
8	41.995	40	8	180
8	41.995	40	8	181
8	41.995	40	8	182
8	41.995	40	8	183
8	41.995	40	8	184
8	41.995	40	8	185
8	42.995	41	8	186
8	42.995	41	8	187
8	42.995	41	8	188
8	42.995	41	8	189
8	42.995	41	8	190
8	42.995	41	8	191
8	42.995	41	8	192
8	42.995	41	8	193
8	42.995	41	8	194
8	42.995	41	8	195
8	42.995	41	8	196
8	42.995	41	8	197
8	42.995	41	8	198
8	42.995	41	8	199
8	42.995	41	8	200
8	42.995	41	8	201
8	42.995	41	8	202
8	43.995	42	8	203
8	43.995	42	8	204
8	43.995	42	8	205
8	43.995	42	8	206
8	43.995	42	8	207
8	44.995	43	8	208
8	44.995	43	8	209
8	44.995	43	8	210
8	44.995	43	8	211
8	44.995	43	8	212
8	44.995	43	8	213
8	45.995	44	8	214
8	45.995	44	8	215
8	45.995	44	8	216
8	45.995	44	8	217
8	45.995	44	8	218
8	45.995	44	8	219
8	45.995	44	8	220
8	45.995	44	8	221
8	45.995	44	8	222
8	45.995	44	8	223
8	45.995	44	8	224
8	45.995	44	8	225
8	45.995	44	8	226
8	45.995	44	8	227
8	46.995	45	8	228
8	46.995	45	8	229
8	46.995	45	8	230
8	46.995	45	8	231
8	46.995	45	8	232
8	46.995	45	8	233
8	46.995	45	8	234
8	47.995	46	8	235
8	48.995	47	8	236
8	48.995	47	8	237
8	48.995	47	8	238
8	48.995	47	8	239
8	48.995	47	8	240
8	49.995	48	8	241
8	49.995	48	8	242
8	49.995	48	8	243
8	49.995	48	8	244
8	50.995	49	8	245
8	51.995	50	8	246
8	51.995	50	8	247
8	51.995	50	8	248
8	51.995	50	8	249
8	51.995	50	8	250
8	52.995	51	8	251
8	52.995	51	8	252
8	52.995	51	8	253
8	53.995	52	8	254
8	53.995	52	8	255
8	53.995	52	8	256
8	53.995	52	8	257
8	53.995	52	8	258
8	53.995	52	8	259
8	53.995	52	8	260
8	53.995	52	8	261
8	53.995	52	8	262
8	53.995	52	8	263
8	53.995	52	8	264
8	53.995	52	8	265
8	53.995	52	8	266
8	53.995	52	8	267
8	53.995	52	8	268
8	53.995	52	8	269
8	53.995	52	8	270
8	54.995	53	8	271
8	54.995	53	8	272
8	54.995	53	8	273
8	54.995	53	8	274
8	54.995	53	8	275
8	54.995	53	8	276
8	54.995	53	8	277
8	55.995	54	8	278
8	55.995	54	8	279
8	55.995	54	8	280
8	55.995	54	8	281
8	55.995	54	8	282
8	55.995	54	8	283
8	55.995	54	8	284
8	55.995	54	8	285
8	55.995	54	8	286
8	55.995	54	8	287
8	55.995	54	8	288
8	56.995	55	8	289
8	56.995	55	8	290
8	56.995	55	8	291
8	56.995	55	8	292
8	57.995	56	8	293
8	57.995	56	8	294
8	57.995	56	8	295
8	57.995	56	8	296
8	57.995	56	8	297
8	57.995	56	8	298
8	57.995	56	8	299
8	57.995	56	8	300
9	1.995	0	9	1
9	1.995	0	9	2
9	1.995	0	9	3
9	1.995	0	9	4
9	1.995	0	9	5
9	1.995	0	9	6
9	1.995	0	9	7
9	1.995	0	9	8
9	1.995	0	9	9
9	1.995	0	9	10
9	1.995	0	9	11
9	1.995	0	9	12
9	1.995	0	9	13
9	2.995	1	9	14
9	2.995	1	9	15
9	3.995	2	9	16
9	3.995	2	9	17
9	3.995	2	9	18
9	3.995	2	9	19
9	3.995	2	9	20
9	3.995	2	9	21
9	3.995	2	9	22
9	3.995	2	9	23
9	3.995	2	9	24
9	3.995	2	9	25
9	4.995	3	9	26
9	4.995	3	9	27
9	4.995	3	9	28
9	4.995	3	9	29
9	4.995	3	9	30
9	4.995	3	9	31
9	5.995	4	9	32
9	5.995	4	9	33
9	5.995	4	9	34
9	5.995	4	9	35
9	5.995	4	9	36
9	5.995	4	9	37
9	5.995	4	9	38
9	5.995	4	9	39
9	5.995	4	9	40
9	5.995	4	9	41
9	5.995	4	9	42
9	6.995	5	9	43
9	6.995	5	9	44
9	6.995	5	9	45
9	7.995	6	9	46
9	7.995	6	9	47
9	7.995	6	9	48
9	7.995	6	9	49
9	7.995	6	9	50
9	8.995	7	9	51
9	8.995	7	9	52
9	8.995	7	9	53
9	8.995	7	9	54
9	8.995	7	9	55
9	8.995	7	9	56
9	8.995	7	9	57
9	8.995	7	9	58
9	8.995	7	9	59
9	8.995	7	9	60
9	8.995	7	9	61
9	9.995	8	9	62
9	9.995	8	9	63
9	9.995	8	9	64
9	9.995	8	9	65
9	9.995	8	9	66
9	9.995	8	9	67
9	9.995	8	9	68
9	9.995	8	9	69
9	9.995	8	9	70
9	9.995	8	9	71
9	10.995	9	9	72
9	10.995	9	9	73
9	10.995	9	9	74
9	10.995	9	9	75
9	10.995	9	9	76
9	10.995	9	9	77
9	10.995	9	9	78
9	10.995	9	9	79
9	10.995	9	9	80
9	11.995	10	9	81
9	11.995	10	9	82
9	11.995	10	9	83
9	12.995	11	9	84
9	12.995	11	9	85
9	12.995	11	9	86
9	13.995	12	9	87
9	13.995	12	9	88
9	13.995	12	9	89
9	13.995	12	9	90
9	13.995	12	9	91
9	13.995	12	9	92
9	13.995	12	9	93
9	13.995	12	9	94
9	13.995	12	9	95
9	13.995	12	9	96
9	13.995	12	9	97
9	13.995	12	9	98
9	14.995	13	9	99
9	14.995	13	9	100
9	14.995	13	9	101
9	14.995	13	9	102
9	14.995	13	9	103
9	14.995	13	9	104
9	14.995	13	9	105
9	14.995	13	9	106
9	14.995	13	9	107
9	14.995	13	9	108
9	14.995	13	9	109
9	14.995	13	9	110
9	14.995	13	9	111
9	14.995	13	9	112
9	14.995	13	9	113
9	14.995	13	9	114
9	14.995	13	9	115
9	14.995	13	9	116
9	14.995	13	9	117
9	15.995	14	9	118
9	15.995	14	9	119
9	15.995	14	9	120
9	15.995	14	9	121
9	15.995	14	9	122
9	15.995	14	9	123
9	15.995	14	9	124
9	15.995	14	9	125
9	15.995	14	9	126
9	16.995	15	9	127
9	16.995	15	9	128
9	16.995	15	9	129
9	16.995	15	9	130
9	16.995	15	9	131
9	16.995	15	9	132
9	16.995	15	9	133
9	17.995	16	9	134
9	17.995	16	9	135
9	17.995	16	9	136
9	17.995	16	9	137
9	17.995	16	9	138
9	17.995	16	9	139
9	17.995	16	9	140
9	17.995	16	9	141
9	17.995	16	9	142
9	18.995	17	9	143
9	18.995	17	9	144
9	18.995	17	9	145
9	18.995	17	9	146
9	19.995	18	9	147
9	19.995	18	9	148
9	19.995	18	9	149
9	20.995	19	9	150
9	21.995	20	9	151
9	21.995	20	9	152
9	21.995	20	9	153
9	21.995	20	9	154
9	21.995	20	9	155
9	22.995	21	9	156
9	22.995	21	9	157
9	22.995	21	9	158
9	22.995	21	9	159
9	22.995	21	9	160
9	22.995	21	9	161
9	23.995	22	9	162
9	23.995	22	9	163
9	23.995	22	9	164
9	23.995	22	9	165
9	23.995	22	9	166
9	23.995	22	9	167
9	23.995	22	9	168
9	24.995	23	9	169
9	24.995	23	9	170
9	24.995	23	9	171
9	24.995	23	9	172
9	24.995	23	9	173
9	24.995	23	9	174
9	24.995	23	9	175
9	24.995	23	9	176
9	24.995	23	9	177
9	24.995	23	9	178
9	24.995	23	9	179
9	24.995	23	9	180
9	25.995	24	9	181
9	25.995	24	9	182
9	25.995	24	9	183
9	25.995	24	9	184
9	25.995	24	9	185
9	25.995	24	9	186
9	25.995	24	9	187
9	26.995	25	9	188
9	26.995	25	9	189
9	26.995	25	9	190
9	26.995	25	9	191
9	26.995	25	9	192
9	26.995	25	9	193
9	26.995	25	9	194
9	26.995	25	9	195
9	26.995	25	9	196
9	26.995	25	9	197
9	26.995	25	9	198
9	26.995	25	9	199
9	26.995	25	9	200
9	26.995	25	9	201
9	26.995	25	9	202
9	26.995	25	9	203
9	27.995	26	9	204
9	27.995	26	9	205
9	28.995	27	9	206
9	28.995	27	9	207
9	28.995	27	9	208
9	28.995	27	9	209
9	29.995	28	9	210
9	29.995	28	9	211
9	29.995	28	9	212
9	30.995	29	9	213
9	30.995	29	9	214
9	30.995	29	9	215
9	30.995	29	9	216
9	30.995	29	9	217
9	30.995	29	9	218
9	30.995	29	9	219
9	30.995	29	9	220
9	30.995	29	9	221
9	30.995	29	9	222
9	30.995	29	9	223
9	30.995	29	9	224
9	30.995	29	9	225
9	30.995	29	9	226
9	30.995	29	9	227
9	30.995	29	9	228
9	30.995	29	9	229
9	31.995	30	9	230
9	31.995	30	9	231
9	31.995	30	9	232
9	31.995	30	9	233
9	31.995	30	9	234
9	31.995	30	9	235
9	31.995	30	9	236
9	31.995	30	9	237
9	32.995	31	9	238
9	32.995	31	9	239
9	32.995	31	9	240
9	32.995	31	9	241
9	32.995	31	9	242
9	32.995	31	9	243
9	32.995	31	9	244
9	32.995	31	9	245
9	32.995	31	9	246
9	33.995	32	9	247
9	33.995	32	9	248
9	33.995	32	9	249
9	33.995	32	9	250
9	33.995	32	9	251
9	33.995	32	9	252
9	33.995	32	9	253
9	33.995	32	9	254
9	34.995	33	9	255
9	34.995	33	9	256
9	35.995	34	9	257
9	35.995	34	9	258
9	35.995	34	9	259
9	35.995	34	9	260
9	35.995	34	9	261
9	35.995	34	9	262
9	35.995	34	9	263
9	35.995	34	9	264
9	35.995	34	9	265
9	35.995	34	9	266
9	35.995	34	9	267
9	35.995	34	9	268
9	35.995	34	9	269
9	36.995	35	9	270
9	36.995	35	9	271
9	36.995	35	9	272
9	36.995	35	9	273
9	36.995	35	9	274
9	36.995	35	9	275
9	37.995	36	9	276
9	37.995	36	9	277
9	37.995	36	9	278
9	37.995	36	9	279
9	37.995	36	9	280
9	37.995	36	9	281
9	37.995	36	9	282
9	37.995	36	9	283
9	37.995	36	9	284
9	38.995	37	9	285
9	38.995	37	9	286
9	39.995	38	9	287
9	40.995	39	9	288
9	40.995	39	9	289
9	40.995	39	9	290
9	40.995	39	9	291
9	40.995	39	9	292
9	40.995	39	9	293
9	41.995	40	9	294
9	41.995	40	9	295
9	41.995	40	9	296
9	41.995	40	9	297
9	41.995	40	9	298
9	41.995	40	9	299
9	41.995	40	9	300
10	1.995	0	10	1
10	1.995	0	10	2
10	1.995	0	10	3
10	1.995	0	10	4
10	1.995	0	10	5
10	1.995	0	10	6
10	1.995	0	10	7
10	1.995	0	10	8
10	1.995	0	10	9
10	1.995	0	10	10
10	1.995	0	10	11
10	1.995	0	10	12
10	1.995	0	10	13
10	1.995	0	10	14
10	1.995	0	10	15
10	1.995	0	10	16
10	1.995	0	10	17
10	1.995	0	10	18
10	1.995	0	10	19
10	1.995	0	10	20
10	1.995	0	10	21
10	1.995	0	10	22
10	1.995	0	10	23
10	1.995	0	10	24
10	1.995	0	10	25
10	1.995	0	10	26
10	1.995	0	10	27
10	1.995	0	10	28
10	1.995	0	10	29
10	1.995	0	10	30
10	1.995	0	10	31
10	1.995	0	10	32
10	1.995	0	10	33
10	1.995	0	10	34
10	1.995	0	10	35
10	1.995	0	10	36
10	1.995	0	10	37
10	1.995	0	10	38
10	1.995	0	10	39
10	1.995	0	10	40
10	1.995	0	10	41
10	1.995	0	10	42
10	1.995	0	10	43
10	1.995	0	10	44
10	1.995	0	10	45
10	1.995	0	10	46
10	2.995	1	10	47
10	2.995	1	10	48
10	2.995	1	10	49
10	2.995	1	10	50
10	2.995	1	10	51
10	2.995	1	10	52
10	2.995	1	10	53
10	2.995	1	10	54
10	3.995	2	10	55
10	3.995	2	10	56
10	3.995	2	10	57
10	4.995	3	10	58
10	4.995	3	10	59
10	5.995	4	10	60
10	5.995	4	10	61
10	5.995	4	10	62
10	5.995	4	10	63
10	6.995	5	10	64
10	6.995	5	10	65
10	6.995	5	10	66
10	7.995	6	10	67
10	7.995	6	10	68
10	7.995	6	10	69
10	7.995	6	10	70
10	7.995	6	10	71
10	7.995	6	10	72
10	7.995	6	10	73
10	7.995	6	10	74
10	7.995	6	10	75
10	7.995	6	10	76
10	8.995	7	10	77
10	8.995	7	10	78
10	8.995	7	10	79
10	8.995	7	10	80
10	8.995	7	10	81
10	8.995	7	10	82
10	8.995	7	10	83
10	8.995	7	10	84
10	8.995	7	10	85
10	9.995	8	10	86
10	9.995	8	10	87
10	9.995	8	10	88
10	9.995	8	10	89
10	9.995	8	10	90
10	9.995	8	10	91
10	9.995	8	10	92
10	9.995	8	10	93
10	9.995	8	10	94
10	9.995	8	10	95
10	9.995	8	10	96
10	9.995	8	10	97
10	9.995	8	10	98
10	9.995	8	10	99
10	9.995	8	10	100
10	9.995	8	10	101
10	9.995	8	10	102
10	9.995	8	10	103
10	9.995	8	10	104
10	10.995	9	10	105
10	10.995	9	10	106
10	10.995	9	10	107
10	10.995	9	10	108
10	10.995	9	10	109
10	10.995	9	10	110
10	10.995	9	10	111
10	10.995	9	10	112
10	10.995	9	10	113
10	10.995	9	10	114
10	10.995	9	10	115
10	10.995	9	10	116
10	11.995	10	10	117
10	11.995	10	10	118
10	11.995	10	10	119
10	11.995	10	10	120
10	11.995	10	10	121
10	11.995	10	10	122
10	11.995	10	10	123
10	11.995	10	10	124
10	11.995	10	10	125
10	11.995	10	10	126
10	11.995	10	10	127
10	11.995	10	10	128
10	11.995	10	10	129
10	11.995	10	10	130
10	11.995	10	10	131
10	11.995	10	10	132
10	11.995	10	10	133
10	11.995	10	10	134
10	12.995	11	10	135
10	12.995	11	10	136
10	12.995	11	10	137
10	12.995	11	10	138
10	12.995	11	10	139
10	12.995	11	10	140
10	12.995	11	10	141
10	12.995	11	10	142
10	12.995	11	10	143
10	12.995	11	10	144
10	12.995	11	10	145
10	12.995	11	10	146
10	12.995	11	10	147
10	12.995	11	10	148
10	12.995	11	10	149
10	12.995	11	10	150
10	12.995	11	10	151
10	12.995	11	10	152
10	12.995	11	10	153
10	12.995	11	10	154
10	12.995	11	10	155
10	12.995	11	10	156
10	12.995	11	10	157
10	12.995	11	10	158
10	12.995	11	10	159
10	12.995	11	10	160
10	12.995	11	10	161
10	12.995	11	10	162
10	12.995	11	10	163
10	12.995	11	10	164
10	12.995	11	10	165
10	12.995	11	10	166
10	12.995	11	10	167
10	13.995	12	10	168
10	13.995	12	10	169
10	13.995	12	10	170
10	14.995	13	10	171
10	14.995	13	10	172
10	14.995	13	10	173
10	14.995	13	10	174
10	14.995	13	10	175
10	14.995	13	10	176
10	15.995	14	10	177
10	15.995	14	10	178
10	15.995	14	10	179
10	15.995	14	10	180
10	15.995	14	10	181
10	15.995	14	10	182
10	15.995	14	10	183
10	16.995	15	10	184
10	16.995	15	10	185
10	16.995	15	10	186
10	17.995	16	10	187
10	17.995	16	10	188
10	17.995	16	10	189
10	17.995	16	10	190
10	17.995	16	10	191
10	17.995	16	10	192
10	17.995	16	10	193
10	17.995	16	10	194
10	17.995	16	10	195
10	17.995	16	10	196
10	17.995	16	10	197
10	17.995	16	10	198
10	17.995	16	10	199
10	17.995	16	10	200
10	17.995	16	10	201
10	17.995	16	10	202
10	17.995	16	10	203
10	17.995	16	10	204
10	17.995	16	10	205
10	17.995	16	10	206
10	17.995	16	10	207
10	17.995	16	10	208
10	17.995	16	10	209
10	17.995	16	10	210
10	17.995	16	10	211
10	17.995	16	10	212
10	17.995	16	10	213
10	17.995	16	10	214
10	17.995	16	10	215
10	17.995	16	10	216
10	17.995	16	10	217
10	18.995	17	10	218
10	18.995	17	10	219
10	18.995	17	10	220
10	18.995	17	10	221
10	18.995	17	10	222
10	18.995	17	10	223
10	18.995	17	10	224
10	18.995	17	10	225
10	18.995	17	10	226
10	18.995	17	10	227
10	18.995	17	10	228
10	19.995	18	10	229
10	19.995	18	10	230
10	19.995	18	10	231
10	19.995	18	10	232
10	19.995	18	10	233
10	19.995	18	10	234
10	19.995	18	10	235
10	19.995	18	10	236
10	19.995	18	10	237
10	19.995	18	10	238
10	19.995	18	10	239
10	20.995	19	10	240
10	20.995	19	10	241
10	20.995	19	10	242
10	21.995	20	10	243
10	21.995	20	10	244
10	21.995	20	10	245
10	21.995	20	10	246
10	21.995	20	10	247
10	21.995	20	10	248
10	21.995	20	10	249
10	21.995	20	10	250
10	21.995	20	10	251
10	21.995	20	10	252
10	21.995	20	10	253
10	21.995	20	10	254
10	21.995	20	10	255
10	22.995	21	10	256
10	22.995	21	10	257
10	22.995	21	10	258
10	22.995	21	10	259
10	22.995	21	10	260
10	22.995	21	10	261
10	22.995	21	10	262
10	22.995	21	10	263
10	22.995	21	10	264
10	22.995	21	10	265
10	22.995	21	10	266
10	22.995	21	10	267
10	23.995	22	10	268
10	23.995	22	10	269
10	23.995	22	10	270
10	23.995	22	10	271
10	23.995	22	10	272
10	24.995	23	10	273
10	24.995	23	10	274
10	24.995	23	10	275
10	24.995	23	10	276
10	24.995	23	10	277
10	24.995	23	10	278
10	24.995	23	10	279
10	24.995	23	10	280
10	24.995	23	10	281
10	24.995	23	10	282
10	24.995	23	10	283
10	24.995	23	10	284
10	24.995	23	10	285
10	24.995	23	10	286
10	24.995	23	10	287
10	24.995	23	10	288
10	24.995	23	10	289
10	24.995	23	10	290
10	24.995	23	10	291
10	24.995	23	10	292
10	24.995	23	10	293
10	24.995	23	10	294
10	24.995	23	10	295
10	24.995	23	10	296
10	25.995	24	10	297
10	25.995	24	10	298
10	26.995	25	10	299
10	26.995	25	10	300
11	1.995	0	11	1
11	1.995	0	11	2
11	1.995	0	11	3
11	1.995	0	11	4
11	1.995	0	11	5
11	1.995	0	11	6
11	1.995	0	11	7
11	1.995	0	11	8
11	1.995	0	11	9
11	1.995	0	11	10
11	1.995	0	11	11
11	1.995	0	11	12
11	1.995	0	11	13
11	1.995	0	11	14
11	1.995	0	11	15
11	1.995	0	11	16
11	1.995	0	11	17
11	1.995	0	11	18
11	1.995	0	11	19
11	1.995	0	11	20
11	1.995	0	11	21
11	1.995	0	11	22
11	1.995	0	11	23
11	1.995	0	11	24
11	1.995	0	11	25
11	1.995	0	11	26
11	1.995	0	11	27
11	1.995	0	11	28
11	1.995	0	11	29
11	1.995	0	11	30
11	1.995	0	11	31
11	1.995	0	11	32
11	1.995	0	11	33
11	1.995	0	11	34
11	1.995	0	11	35
11	1.995	0	11	36
11	1.995	0	11	37
11	1.995	0	11	38
11	1.995	0	11	39
11	1.995	0	11	40
11	1.995	0	11	41
11	1.995	0	11	42
11	1.995	0	11	43
11	1.995	0	11	44
11	1.995	0	11	45
11	1.995	0	11	46
11	1.995	0	11	47
11	1.995	0	11	48
11	1.995	0	11	49
11	1.995	0	11	50
11	1.995	0	11	51
11	1.995	0	11	52
11	1.995	0	11	53
11	1.995	0	11	54
11	1.995	0	11	55
11	1.995	0	11	56
11	1.995	0	11	57
11	1.995	0	11	58
11	1.995	0	11	59
11	1.995	0	11	60
11	1.995	0	11	61
11	1.995	0	11	62
11	1.995	0	11	63
11	1.995	0	11	64
11	1.995	0	11	65
11	1.995	0	11	66
11	1.995	0	11	67
11	2.995	1	11	68
11	2.995	1	11	69
11	2.995	1	11	70
11	3.995	2	11	71
11	3.995	2	11	72
11	3.995	2	11	73
11	3.995	2	11	74
11	3.995	2	11	75
11	3.995	2	11	76
11	3.995	2	11	77
11	3.995	2	11	78
11	3.995	2	11	79
11	3.995	2	11	80
11	3.995	2	11	81
11	3.995	2	11	82
11	4.995	3	11	83
11	4.995	3	11	84
11	4.995	3	11	85
11	4.995	3	11	86
11	4.995	3	11	87
11	4.995	3	11	88
11	4.995	3	11	89
11	4.995	3	11	90
11	4.995	3	11	91
11	4.995	3	11	92
11	4.995	3	11	93
11	4.995	3	11	94
11	4.995	3	11	95
11	4.995	3	11	96
11	4.995	3	11	97
11	4.995	3	11	98
11	4.995	3	11	99
11	4.995	3	11	100
11	4.995	3	11	101
11	4.995	3	11	102
11	4.995	3	11	103
11	4.995	3	11	104
11	4.995	3	11	105
11	4.995	3	11	106
11	4.995	3	11	107
11	4.995	3	11	108
11	4.995	3	11	109
11	4.995	3	11	110
11	4.995	3	11	111
11	4.995	3	11	112
11	4.995	3	11	113
11	4.995	3	11	114
11	4.995	3	11	115
11	4.995	3	11	116
11	4.995	3	11	117
11	4.995	3	11	118
11	4.995	3	11	119
11	4.995	3	11	120
11	4.995	3	11	121
11	4.995	3	11	122
11	4.995	3	11	123
11	4.995	3	11	124
11	4.995	3	11	125
11	4.995	3	11	126
11	4.995	3	11	127
11	4.995	3	11	128
11	5.995	4	11	129
11	5.995	4	11	130
11	5.995	4	11	131
11	5.995	4	11	132
11	5.995	4	11	133
11	5.995	4	11	134
11	5.995	4	11	135
11	5.995	4	11	136
11	5.995	4	11	137
11	5.995	4	11	138
11	5.995	4	11	139
11	5.995	4	11	140
11	5.995	4	11	141
11	5.995	4	11	142
11	5.995	4	11	143
11	5.995	4	11	144
11	5.995	4	11	145
11	5.995	4	11	146
11	5.995	4	11	147
11	5.995	4	11	148
11	5.995	4	11	149
11	5.995	4	11	150
11	5.995	4	11	151
11	5.995	4	11	152
11	5.995	4	11	153
11	5.995	4	11	154
11	5.995	4	11	155
11	5.995	4	11	156
11	5.995	4	11	157
11	5.995	4	11	158
11	5.995	4	11	159
11	5.995	4	11	160
11	5.995	4	11	161
11	5.995	4	11	162
11	5.995	4	11	163
11	5.995	4	11	164
11	5.995	4	11	165
11	5.995	4	11	166
11	5.995	4	11	167
11	5.995	4	11	168
11	5.995	4	11	169
11	5.995	4	11	170
11	5.995	4	11	171
11	5.995	4	11	172
11	5.995	4	11	173
11	5.995	4	11	174
11	5.995	4	11	175
11	5.995	4	11	176
11	5.995	4	11	177
11	5.995	4	11	178
11	5.995	4	11	179
11	5.995	4	11	180
11	5.995	4	11	181
11	5.995	4	11	182
11	6.995	5	11	183
11	6.995	5	11	184
11	6.995	5	11	185
11	6.995	5	11	186
11	6.995	5	11	187
11	6.995	5	11	188
11	6.995	5	11	189
11	6.995	5	11	190
11	6.995	5	11	191
11	6.995	5	11	192
11	6.995	5	11	193
11	6.995	5	11	194
11	6.995	5	11	195
11	6.995	5	11	196
11	6.995	5	11	197
11	6.995	5	11	198
11	6.995	5	11	199
11	6.995	5	11	200
11	6.995	5	11	201
11	7.995	6	11	202
11	7.995	6	11	203
11	7.995	6	11	204
11	8.995	7	11	205
11	8.995	7	11	206
11	8.995	7	11	207
11	8.995	7	11	208
11	8.995	7	11	209
11	8.995	7	11	210
11	8.995	7	11	211
11	8.995	7	11	212
11	8.995	7	11	213
11	8.995	7	11	214
11	8.995	7	11	215
11	8.995	7	11	216
11	8.995	7	11	217
11	8.995	7	11	218
11	8.995	7	11	219
11	8.995	7	11	220
11	9.995	8	11	221
11	9.995	8	11	222
11	9.995	8	11	223
11	9.995	8	11	224
11	9.995	8	11	225
11	9.995	8	11	226
11	9.995	8	11	227
11	9.995	8	11	228
11	9.995	8	11	229
11	9.995	8	11	230
11	9.995	8	11	231
11	9.995	8	11	232
11	9.995	8	11	233
11	9.995	8	11	234
11	9.995	8	11	235
11	9.995	8	11	236
11	9.995	8	11	237
11	9.995	8	11	238
11	9.995	8	11	239
11	9.995	8	11	240
11	9.995	8	11	241
11	9.995	8	11	242
11	9.995	8	11	243
11	9.995	8	11	244
11	9.995	8	11	245
11	9.995	8	11	246
11	9.995	8	11	247
11	9.995	8	11	248
11	9.995	8	11	249
11	9.995	8	11	250
11	9.995	8	11	251
11	9.995	8	11	252
11	9.995	8	11	253
11	9.995	8	11	254
11	9.995	8	11	255
11	9.995	8	11	256
11	9.995	8	11	257
11	9.995	8	11	258
11	9.995	8	11	259
11	9.995	8	11	260
11	10.995	9	11	261
11	10.995	9	11	262
11	10.995	9	11	263
11	10.995	9	11	264
11	10.995	9	11	265
11	10.995	9	11	266
11	10.995	9	11	267
11	10.995	9	11	268
11	10.995	9	11	269
11	10.995	9	11	270
11	10.995	9	11	271
11	10.995	9	11	272
11	10.995	9	11	273
11	11.995	10	11	274
11	11.995	10	11	275
11	11.995	10	11	276
11	11.995	10	11	277
11	11.995	10	11	278
11	11.995	10	11	279
11	11.995	10	11	280
11	11.995	10	11	281
11	11.995	10	11	282
11	11.995	10	11	283
11	11.995	10	11	284
11	11.995	10	11	285
11	11.995	10	11	286
11	11.995	10	11	287
11	11.995	10	11	288
11	11.995	10	11	289
11	11.995	10	11	290
11	11.995	10	11	291
11	11.995	10	11	292
11	11.995	10	11	293
11	11.995	10	11	294
11	11.995	10	11	295
11	11.995	10	11	296
11	11.995	10	11	297
11	11.995	10	11	298
11	11.995	10	11	299
11	11.995	10	11	300
12	1.995	0	12	1
12	1.995	0	12	2
12	1.995	0	12	3
12	1.995	0	12	4
12	1.995	0	12	5
12	1.995	0	12	6
12	1.995	0	12	7
12	1.995	0	12	8
12	1.995	0	12	9
12	1.995	0	12	10
12	1.995	0	12	11
12	1.995	0	12	12
12	1.995	0	12	13
12	1.995	0	12	14
12	1.995	0	12	15
12	1.995	0	12	16
12	1.995	0	12	17
12	1.995	0	12	18
12	1.995	0	12	19
12	1.995	0	12	20
12	1.995	0	12	21
12	1.995	0	12	22
12	1.995	0	12	23
12	1.995	0	12	24
12	1.995	0	12	25
12	1.995	0	12	26
12	1.995	0	12	27
12	1.995	0	12	28
12	1.995	0	12	29
12	1.995	0	12	30
12	1.995	0	12	31
12	1.995	0	12	32
12	1.995	0	12	33
12	1.995	0	12	34
12	1.995	0	12	35
12	1.995	0	12	36
12	1.995	0	12	37
12	1.995	0	12	38
12	1.995	0	12	39
12	1.995	0	12	40
12	1.995	0	12	41
12	1.995	0	12	42
12	1.995	0	12	43
12	1.995	0	12	44
12	1.995	0	12	45
12	1.995	0	12	46
12	1.995	0	12	47
12	1.995	0	12	48
12	1.995	0	12	49
12	1.995	0	12	50
12	1.995	0	12	51
12	1.995	0	12	52
12	1.995	0	12	53
12	1.995	0	12	54
12	1.995	0	12	55
12	1.995	0	12	56
12	1.995	0	12	57
12	1.995	0	12	58
12	1.995	0	12	59
12	1.995	0	12	60
12	1.995	0	12	61
12	1.995	0	12	62
12	1.995	0	12	63
12	1.995	0	12	64
12	1.995	0	12	65
12	1.995	0	12	66
12	1.995	0	12	67
12	1.995	0	12	68
12	1.995	0	12	69
12	1.995	0	12	70
12	1.995	0	12	71
12	1.995	0	12	72
12	1.995	0	12	73
12	1.995	0	12	74
12	1.995	0	12	75
12	1.995	0	12	76
12	1.995	0	12	77
12	1.995	0	12	78
12	1.995	0	12	79
12	1.995	0	12	80
12	1.995	0	12	81
12	1.995	0	12	82
12	1.995	0	12	83
12	1.995	0	12	84
12	1.995	0	12	85
12	1.995	0	12	86
12	1.995	0	12	87
12	1.995	0	12	88
12	1.995	0	12	89
12	1.995	0	12	90
12	1.995	0	12	91
12	1.995	0	12	92
12	1.995	0	12	93
12	1.995	0	12	94
12	1.995	0	12	95
12	1.995	0	12	96
12	1.995	0	12	97
12	1.995	0	12	98
12	1.995	0	12	99
12	2.995	1	12	100
12	2.995	1	12	101
12	2.995	1	12	102
12	2.995	1	12	103
12	2.995	1	12	104
12	2.995	1	12	105
12	2.995	1	12	106
12	2.995	1	12	107
12	2.995	1	12	108
12	2.995	1	12	109
12	2.995	1	12	110
12	2.995	1	12	111
12	2.995	1	12	112
12	2.995	1	12	113
12	2.995	1	12	114
12	2.995	1	12	115
12	2.995	1	12	116
12	2.995	1	12	117
12	2.995	1	12	118
12	2.995	1	12	119
12	2.995	1	12	120
12	2.995	1	12	121
12	2.995	1	12	122
12	2.995	1	12	123
12	2.995	1	12	124
12	2.995	1	12	125
12	2.995	1	12	126
12	2.995	1	12	127
12	2.995	1	12	128
12	2.995	1	12	129
12	2.995	1	12	130
12	2.995	1	12	131
12	2.995	1	12	132
12	2.995	1	12	133
12	2.995	1	12	134
12	2.995	1	12	135
12	2.995	1	12	136
12	2.995	1	12	137
12	2.995	1	12	138
12	2.995	1	12	139
12	2.995	1	12	140
12	2.995	1	12	141
12	2.995	1	12	142
12	2.995	1	12	143
12	2.995	1	12	144
12	2.995	1	12	145
12	2.995	1	12	146
12	2.995	1	12	147
12	2.995	1	12	148
12	2.995	1	12	149
12	2.995	1	12	150
12	2.995	1	12	151
12	2.995	1	12	152
12	2.995	1	12	153
12	2.995	1	12	154
12	2.995	1	12	155
12	2.995	1	12	156
12	2.995	1	12	157
12	2.995	1	12	158
12	2.995	1	12	159
12	2.995	1	12	160
12	2.995	1	12	161
12	2.995	1	12	162
12	2.995	1	12	163
12	2.995	1	12	164
12	2.995	1	12	165
12	2.995	1	12	166
12	2.995	1	12	167
12	2.995	1	12	168
12	2.995	1	12	169
12	2.995	1	12	170
12	2.995	1	12	171
12	2.995	1	12	172
12	2.995	1	12	173
12	2.995	1	12	174
12	2.995	1	12	175
12	2.995	1	12	176
12	2.995	1	12	177
12	2.995	1	12	178
12	2.995	1	12	179
12	2.995	1	12	180
12	2.995	1	12	181
12	2.995	1	12	182
12	2.995	1	12	183
12	2.995	1	12	184
12	2.995	1	12	185
12	2.995	1	12	186
12	2.995	1	12	187
12	2.995	1	12	188
12	2.995	1	12	189
12	2.995	1	12	190
12	2.995	1	12	191
12	2.995	1	12	192
12	2.995	1	12	193
12	3.995	2	12	194
12	3.995	2	12	195
12	3.995	2	12	196
12	3.995	2	12	197
12	3.995	2	12	198
12	3.995	2	12	199
12	4.995	3	12	200
12	4.995	3	12	201
12	4.995	3	12	202
12	4.995	3	12	203
12	4.995	3	12	204
12	4.995	3	12	205
12	4.995	3	12	206
12	4.995	3	12	207
12	4.995	3	12	208
12	4.995	3	12	209
12	4.995	3	12	210
12	4.995	3	12	211
12	4.995	3	12	212
12	4.995	3	12	213
12	4.995	3	12	214
12	4.995	3	12	215
12	4.995	3	12	216
12	4.995	3	12	217
12	4.995	3	12	218
12	4.995	3	12	219
12	4.995	3	12	220
12	4.995	3	12	221
12	4.995	3	12	222
12	4.995	3	12	223
12	4.995	3	12	224
12	4.995	3	12	225
12	4.995	3	12	226
12	4.995	3	12	227
12	4.995	3	12	228
12	4.995	3	12	229
12	4.995	3	12	230
12	4.995	3	12	231
12	4.995	3	12	232
12	4.995	3	12	233
12	4.995	3	12	234
12	4.995	3	12	235
12	4.995	3	12	236
12	4.995	3	12	237
12	4.995	3	12	238
12	4.995	3	12	239
12	4.995	3	12	240
12	4.995	3	12	241
12	4.995	3	12	242
12	4.995	3	12	243
12	4.995	3	12	244
12	4.995	3	12	245
12	4.995	3	12	246
12	4.995	3	12	247
12	4.995	3	12	248
12	4.995	3	12	249
12	4.995	3	12	250
12	4.995	3	12	251
12	4.995	3	12	252
12	4.995	3	12	253
12	4.995	3	12	254
12	4.995	3	12	255
12	4.995	3	12	256
12	4.995	3	12	257
12	4.995	3	12	258
12	4.995	3	12	259
12	4.995	3	12	260
12	4.995	3	12	261
12	4.995	3	12	262
12	4.995	3	12	263
12	4.995	3	12	264
12	4.995	3	12	265
12	4.995	3	12	266
12	4.995	3	12	267
12	4.995	3	12	268
12	4.995	3	12	269
12	4.995	3	12	270
12	4.995	3	12	271
12	4.995	3	12	272
12	4.995	3	12	273
12	4.995	3	12	274
12	4.995	3	12	275
12	4.995	3	12	276
12	4.995	3	12	277
12	4.995	3	12	278
12	4.995	3	12	279
12	4.995	3	12	280
12	4.995	3	12	281
12	4.995	3	12	282
12	5.995	4	12	283
12	5.995	4	12	284
12	5.995	4	12	285
12	5.995	4	12	286
12	5.995	4	12	287
12	5.995	4	12	288
12	5.995	4	12	289
12	5.995	4	12	290
12	5.995	4	12	291
12	5.995	4	12	292
12	5.995	4	12	293
12	5.995	4	12	294
12	5.995	4	12	295
12	5.995	4	12	296
12	5.995	4	12	297
12	5.995	4	12	298
12	5.995	4	12	299
12	5.995	4	12	300
13	1.995	0	13	1
13	1.995	0	13	2
13	1.995	0	13	3
13	1.995	0	13	4
13	1.995	0	13	5
13	1.995	0	13	6
13	1.995	0	13	7
13	1.995	0	13	8
13	1.995	0	13	9
13	1.995	0	13	10
13	1.995	0	13	11
13	1.995	0	13	12
13	1.995	0	13	13
13	1.995	0	13	14
13	1.995	0	13	15
13	1.995	0	13	16
13	1.995	0	13	17
13	1.995	0	13	18
13	1.995	0	13	19
13	1.995	0	13	20
13	1.995	0	13	21
13	1.995	0	13	22
13	1.995	0	13	23
13	1.995	0	13	24
13	1.995	0	13	25
13	1.995	0	13	26
13	1.995	0	13	27
13	1.995	0	13	28
13	1.995	0	13	29
13	1.995	0	13	30
13	1.995	0	13	31
13	1.995	0	13	32
13	1.995	0	13	33
13	1.995	0	13	34
13	1.995	0	13	35
13	1.995	0	13	36
13	1.995	0	13	37
13	1.995	0	13	38
13	1.995	0	13	39
13	1.995	0	13	40
13	1.995	0	13	41
13	1.995	0	13	42
13	1.995	0	13	43
13	1.995	0	13	44
13	1.995	0	13	45
13	1.995	0	13	46
13	1.995	0	13	47
13	1.995	0	13	48
13	1.995	0	13	49
13	1.995	0	13	50
13	1.995	0	13	51
13	1.995	0	13	52
13	1.995	0	13	53
13	1.995	0	13	54
13	1.995	0	13	55
13	1.995	0	13	56
13	1.995	0	13	57
13	1.995	0	13	58
13	1.995	0	13	59
13	1.995	0	13	60
13	1.995	0	13	61
13	1.995	0	13	62
13	1.995	0	13	63
13	1.995	0	13	64
13	1.995	0	13	65
13	1.995	0	13	66
13	1.995	0	13	67
13	1.995	0	13	68
13	1.995	0	13	69
13	1.995	0	13	70
13	1.995	0	13	71
13	1.995	0	13	72
13	1.995	0	13	73
13	1.995	0	13	74
13	1.995	0	13	75
13	1.995	0	13	76
13	1.995	0	13	77
13	1.995	0	13	78
13	1.995	0	13	79
13	1.995	0	13	80
13	1.995	0	13	81
13	1.995	0	13	82
13	1.995	0	13	83
13	1.995	0	13	84
13	1.995	0	13	85
13	1.995	0	13	86
13	1.995	0	13	87
13	1.995	0	13	88
13	1.995	0	13	89
13	1.995	0	13	90
13	1.995	0	13	91
13	1.995	0	13	92
13	1.995	0	13	93
13	1.995	0	13	94
13	1.995	0	13	95
13	1.995	0	13	96
13	1.995	0	13	97
13	1.995	0	13	98
13	1.995	0	13	99
13	1.995	0	13	100
13	1.995	0	13	101
13	1.995	0	13	102
13	1.995	0	13	103
13	1.995	0	13	104
13	1.995	0	13	105
13	1.995	0	13	106
13	1.995	0	13	107
13	1.995	0	13	108
13	1.995	0	13	109
13	1.995	0	13	110
13	1.995	0	13	111
13	1.995	0	13	112
13	1.995	0	13	113
13	1.995	0	13	114
13	1.995	0	13	115
13	1.995	0	13	116
13	1.995	0	13	117
13	1.995	0	13	118
13	1.995	0	13	119
13	1.995	0	13	120
13	1.995	0	13	121
13	1.995	0	13	122
13	1.995	0	13	123
13	1.995	0	13	124
13	1.995	0	13	125
13	1.995	0	13	126
13	1.995	0	13	127
13	1.995	0	13	128
13	1.995	0	13	129
13	1.995	0	13	130
13	1.995	0	13	131
13	1.995	0	13	132
13	1.995	0	13	133
13	1.995	0	13	134
13	1.995	0	13	135
13	1.995	0	13	136
13	1.995	0	13	137
13	1.995	0	13	138
13	1.995	0	13	139
13	1.995	0	13	140
13	1.995	0	13	141
13	1.995	0	13	142
13	1.995	0	13	143
13	1.995	0	13	144
13	1.995	0	13	145
13	1.995	0	13	146
13	1.995	0	13	147
13	1.995	0	13	148
13	1.995	0	13	149
13	1.995	0	13	150
13	1.995	0	13	151
13	1.995	0	13	152
13	1.995	0	13	153
13	1.995	0	13	154
13	1.995	0	13	155
13	1.995	0	13	156
13	1.995	0	13	157
13	1.995	0	13	158
13	1.995	0	13	159
13	1.995	0	13	160
13	1.995	0	13	161
13	1.995	0	13	162
13	1.995	0	13	163
13	1.995	0	13	164
13	1.995	0	13	165
13	1.995	0	13	166
13	1.995	0	13	167
13	1.995	0	13	168
13	1.995	0	13	169
13	1.995	0	13	170
13	1.995	0	13	171
13	1.995	0	13	172
13	1.995	0	13	173
13	1.995	0	13	174
13	1.995	0	13	175
13	1.995	0	13	176
13	1.995	0	13	177
13	1.995	0	13	178
13	1.995	0	13	179
13	1.995	0	13	180
13	1.995	0	13	181
13	1.995	0	13	182
13	1.995	0	13	183
13	1.995	0	13	184
13	1.995	0	13	185
13	1.995	0	13	186
13	1.995	0	13	187
13	1.995	0	13	188
13	1.995	0	13	189
13	1.995	0	13	190
13	1.995	0	13	191
13	1.995	0	13	192
13	1.995	0	13	193
13	1.995	0	13	194
13	1.995	0	13	195
13	1.995	0	13	196
13	1.995	0	13	197
13	1.995	0	13	198
13	1.995	0	13	199
13	1.995	0	13	200
13	1.995	0	13	201
13	1.995	0	13	202
13	1.995	0	13	203
13	1.995	0	13	204
13	1.995	0	13	205
13	1.995	0	13	206
13	1.995	0	13	207
13	1.995	0	13	208
13	1.995	0	13	209
13	1.995	0	13	210
13	1.995	0	13	211
13	1.995	0	13	212
13	1.995	0	13	213
13	1.995	0	13	214
13	1.995	0	13	215
13	1.995	0	13	216
13	1.995	0	13	217
13	1.995	0	13	218
13	1.995	0	13	219
13	1.995	0	13	220
13	1.995	0	13	221
13	1.995	0	13	222
13	1.995	0	13	223
13	1.995	0	13	224
13	1.995	0	13	225
13	1.995	0	13	226
13	1.995	0	13	227
13	1.995	0	13	228
13	1.995	0	13	229
13	1.995	0	13	230
13	1.995	0	13	231
13	1.995	0	13	232
13	1.995	0	13	233
13	1.995	0	13	234
13	1.995	0	13	235
13	1.995	0	13	236
13	1.995	0	13	237
13	1.995	0	13	238
13	1.995	0	13	239
13	1.995	0	13	240
13	1.995	0	13	241
13	1.995	0	13	242
13	1.995	0	13	243
13	1.995	0	13	244
13	1.995	0	13	245
13	1.995	0	13	246
13	1.995	0	13	247
13	1.995	0	13	248
13	1.995	0	13	249
13	1.995	0	13	250
13	1.995	0	13	251
13	1.995	0	13	252
13	1.995	0	13	253
13	1.995	0	13	254
13	1.995	0	13	255
13	1.995	0	13	256
13	1.995	0	13	257
13	1.995	0	13	258
13	1.995	0	13	259
13	1.995	0	13	260
13	1.995	0	13	261
13	1.995	0	13	262
13	2.995	1	13	263
13	2.995	1	13	264
13	2.995	1	13	265
13	2.995	1	13	266
13	2.995	1	13	267
13	2.995	1	13	268
13	2.995	1	13	269
13	2.995	1	13	270
13	2.995	1	13	271
13	2.995	1	13	272
13	2.995	1	13	273
13	2.995	1	13	274
13	2.995	1	13	275
13	2.995	1	13	276
13	2.995	1	13	277
13	2.995	1	13	278
13	2.995	1	13	279
13	2.995	1	13	280
13	2.995	1	13	281
13	2.995	1	13	282
13	2.995	1	13	283
13	2.995	1	13	284
13	2.995	1	13	285
13	2.995	1	13	286
13	2.995	1	13	287
13	2.995	1	13	288
13	2.995	1	13	289
13	2.995	1	13	290
13	2.995	1	13	291
13	2.995	1	13	292
13	2.995	1	13	293
13	2.995	1	13	294
13	2.995	1	13	295
13	2.995	1	13	296
13	2.995	1	13	297
13	2.995	1	13	298
13	2.995	1	13	299
13	2.995	1	13	300
14	1.995	0	14	1
14	1.995	0	14	2
14	1.995	0	14	3
14	1.995	0	14	4
14	1.995	0	14	5
14	1.995	0	14	6
14	1.995	0	14	7
14	1.995	0	14	8
14	1.995	0	14	9
14	1.995	0	14	10
14	1.995	0	14	11
14	1.995	0	14	12
14	1.995	0	14	13
14	1.995	0	14	14
14	1.995	0	14	15
14	1.995	0	14	16
14	1.995	0	14	17
14	1.995	0	14	18
14	1.995	0	14	19
14	1.995	0	14	20
14	1.995	0	14	21
14	1.995	0	14	22
14	1.995	0	14	23
14	1.995	0	14	24
14	1.995	0	14	25
14	1.995	0	14	26
14	1.995	0	14	27
14	1.995	0	14	28
14	1.995	0	14	29
14	1.995	0	14	30
14	1.995	0	14	31
14	1.995	0	14	32
14	1.995	0	14	33
14	1.995	0	14	34
14	1.995	0	14	35
14	1.995	0	14	36
14	1.995	0	14	37
14	1.995	0	14	38
14	1.995	0	14	39
14	1.995	0	14	40
14	1.995	0	14	41
14	1.995	0	14	42
14	1.995	0	14	43
14	1.995	0	14	44
14	1.995	0	14	45
14	1.995	0	14	46
14	1.995	0	14	47
14	1.995	0	14	48
14	1.995	0	14	49
14	1.995	0	14	50
14	1.995	0	14	51
14	1.995	0	14	52
14	1.995	0	14	53
14	1.995	0	14	54
14	1.995	0	14	55
14	1.995	0	14	56
14	1.995	0	14	57
14	1.995	0	14	58
14	1.995	0	14	59
14	1.995	0	14	60
14	1.995	0	14	61
14	1.995	0	14	62
14	1.995	0	14	63
14	1.995	0	14	64
14	1.995	0	14	65
14	1.995	0	14	66
14	1.995	0	14	67
14	1.995	0	14	68
14	1.995	0	14	69
14	1.995	0	14	70
14	1.995	0	14	71
14	1.995	0	14	72
14	1.995	0	14	73
14	1.995	0	14	74
14	1.995	0	14	75
14	1.995	0	14	76
14	1.995	0	14	77
14	1.995	0	14	78
14	1.995	0	14	79
14	1.995	0	14	80
14	1.995	0	14	81
14	1.995	0	14	82
14	1.995	0	14	83
14	1.995	0	14	84
14	1.995	0	14	85
14	1.995	0	14	86
14	1.995	0	14	87
14	1.995	0	14	88
14	1.995	0	14	89
14	1.995	0	14	90
14	1.995	0	14	91
14	1.995	0	14	92
14	1.995	0	14	93
14	1.995	0	14	94
14	1.995	0	14	95
14	1.995	0	14	96
14	1.995	0	14	97
14	1.995	0	14	98
14	1.995	0	14	99
14	1.995	0	14	100
14	1.995	0	14	101
14	1.995	0	14	102
14	1.995	0	14	103
14	1.995	0	14	104
14	1.995	0	14	105
14	1.995	0	14	106
14	1.995	0	14	107
14	1.995	0	14	108
14	1.995	0	14	109
14	1.995	0	14	110
14	1.995	0	14	111
14	1.995	0	14	112
14	1.995	0	14	113
14	1.995	0	14	114
14	1.995	0	14	115
14	1.995	0	14	116
14	1.995	0	14	117
14	1.995	0	14	118
14	1.995	0	14	119
14	1.995	0	14	120
14	1.995	0	14	121
14	1.995	0	14	122
14	1.995	0	14	123
14	1.995	0	14	124
14	1.995	0	14	125
14	1.995	0	14	126
14	1.995	0	14	127
14	1.995	0	14	128
14	1.995	0	14	129
14	1.995	0	14	130
14	1.995	0	14	131
14	1.995	0	14	132
14	1.995	0	14	133
14	1.995	0	14	134
14	1.995	0	14	135
14	1.995	0	14	136
14	1.995	0	14	137
14	1.995	0	14	138
14	1.995	0	14	139
14	1.995	0	14	140
14	1.995	0	14	141
14	1.995	0	14	142
14	1.995	0	14	143
14	1.995	0	14	144
14	1.995	0	14	145
14	1.995	0	14	146
14	1.995	0	14	147
14	1.995	0	14	148
14	1.995	0	14	149
14	1.995	0	14	150
14	1.995	0	14	151
14	1.995	0	14	152
14	1.995	0	14	153
14	1.995	0	14	154
14	1.995	0	14	155
14	1.995	0	14	156
14	1.995	0	14	157
14	1.995	0	14	158
14	1.995	0	14	159
14	1.995	0	14	160
14	1.995	0	14	161
14	1.995	0	14	162
14	1.995	0	14	163
14	1.995	0	14	164
14	1.995	0	14	165
14	1.995	0	14	166
14	1.995	0	14	167
14	1.995	0	14	168
14	1.995	0	14	169
14	1.995	0	14	170
14	1.995	0	14	171
14	1.995	0	14	172
14	1.995	0	14	173
14	1.995	0	14	174
14	1.995	0	14	175
14	1.995	0	14	176
14	1.995	0	14	177
14	1.995	0	14	178
14	1.995	0	14	179
14	1.995	0	14	180
14	1.995	0	14	181
14	1.995	0	14	182
14	1.995	0	14	183
14	1.995	0	14	184
14	1.995	0	14	185
14	1.995	0	14	186
14	1.995	0	14	187
14	1.995	0	14	188
14	1.995	0	14	189
14	1.995	0	14	190
14	1.995	0	14	191
14	1.995	0	14	192
14	1.995	0	14	193
14	1.995	0	14	194
14	1.995	0	14	195
14	1.995	0	14	196
14	1.995	0	14	197
14	1.995	0	14	198
14	1.995	0	14	199
14	1.995	0	14	200
14	1.995	0	14	201
14	1.995	0	14	202
14	1.995	0	14	203
14	1.995	0	14	204
14	1.995	0	14	205
14	1.995	0	14	206
14	1.995	0	14	207
14	1.995	0	14	208
14	1.995	0	14	209
14	1.995	0	14	210
14	1.995	0	14	211
14	1.995	0	14	212
14	1.995	0	14	213
14	1.995	0	14	214
14	1.995	0	14	215
14	1.995	0	14	216
14	1.995	0	14	217
14	1.995	0	14	218
14	1.995	0	14	219
14	1.995	0	14	220
14	1.995	0	14	221
14	1.995	0	14	222
14	1.995	0	14	223
14	1.995	0	14	224
14	1.995	0	14	225
14	1.995	0	14	226
14	1.995	0	14	227
14	1.995	0	14	228
14	1.995	0	14	229
14	1.995	0	14	230
14	1.995	0	14	231
14	1.995	0	14	232
14	1.995	0	14	233
14	1.995	0	14	234
14	1.995	0	14	235
14	1.995	0	14	236
14	1.995	0	14	237
14	1.995	0	14	238
14	1.995	0	14	239
14	1.995	0	14	240
14	1.995	0	14	241
14	1.995	0	14	242
14	1.995	0	14	243
14	1.995	0	14	244
14	1.995	0	14	245
14	1.995	0	14	246
14	1.995	0	14	247
14	1.995	0	14	248
14	1.995	0	14	249
14	1.995	0	14	250
14	1.995	0	14	251
14	1.995	0	14	252
14	1.995	0	14	253
14	1.995	0	14	254
14	1.995	0	14	255
14	1.995	0	14	256
14	1.995	0	14	257
14	1.995	0	14	258
14	1.995	0	14	259
14	1.995	0	14	260
14	1.995	0	14	261
14	1.995	0	14	262
14	1.995	0	14	263
14	1.995	0	14	264
14	1.995	0	14	265
14	1.995	0	14	266
14	1.995	0	14	267
14	1.995	0	14	268
14	1.995	0	14	269
14	1.995	0	14	270
14	1.995	0	14	271
14	1.995	0	14	272
14	1.995	0	14	273
14	1.995	0	14	274
14	1.995	0	14	275
14	1.995	0	14	276
14	1.995	0	14	277
14	1.995	0	14	278
14	1.995	0	14	279
14	1.995	0	14	280
14	1.995	0	14	281
14	1.995	0	14	282
14	1.995	0	14	283
14	1.995	0	14	284
14	1.995	0	14	285
14	1.995	0	14	286
14	1.995	0	14	287
14	1.995	0	14	288
14	1.995	0	14	289
14	1.995	0	14	290
14	1.995	0	14	291
14	1.995	0	14	292
14	1.995	0	14	293
14	1.995	0	14	294
14	1.995	0	14	295
14	1.995	0	14	296
14	1.995	0	14	297
14	1.995	0	14	298
14	1.995	0	14	299
14	1.995	0	14	300
