x	y	label	group	showSelected1
1	2.345	0	1	1
1	2.345	0	1	2
1	2.345	0	1	3
1	2.345	0	1	4
1	2.345	0	1	5
1	2.345	0	1	6
1	2.345	0	1	7
1	2.345	0	1	8
1	2.345	0	1	9
1	2.345	0	1	10
1	2.345	0	1	11
1	2.345	0	1	12
1	2.345	0	1	13
1	2.345	0	1	14
1	2.345	0	1	15
1	2.345	0	1	16
1	2.345	0	1	17
1	2.345	0	1	18
1	2.345	0	1	19
1	2.345	0	1	20
1	2.345	0	1	21
1	2.345	0	1	22
1	2.345	0	1	23
1	2.345	0	1	24
1	2.345	0	1	25
1	2.345	0	1	26
1	2.345	0	1	27
1	2.345	0	1	28
1	2.345	0	1	29
1	2.345	0	1	30
1	2.345	0	1	31
1	2.345	0	1	32
1	2.345	0	1	33
1	2.345	0	1	34
1	2.345	0	1	35
1	2.345	0	1	36
1	2.345	0	1	37
1	2.345	0	1	38
1	2.345	0	1	39
1	2.345	0	1	40
1	2.345	0	1	41
1	2.345	0	1	42
1	2.345	0	1	43
1	2.345	0	1	44
1	2.345	0	1	45
1	2.345	0	1	46
1	2.345	0	1	47
1	2.345	0	1	48
1	2.345	0	1	49
1	2.345	0	1	50
1	2.345	0	1	51
1	2.345	0	1	52
1	2.345	0	1	53
1	2.345	0	1	54
1	2.345	0	1	55
1	2.345	0	1	56
1	2.345	0	1	57
1	2.345	0	1	58
1	2.345	0	1	59
1	2.345	0	1	60
1	2.345	0	1	61
1	2.345	0	1	62
1	2.345	0	1	63
1	2.345	0	1	64
1	2.345	0	1	65
1	2.345	0	1	66
1	2.345	0	1	67
1	2.345	0	1	68
1	2.345	0	1	69
1	2.345	0	1	70
1	2.345	0	1	71
1	2.345	0	1	72
1	2.345	0	1	73
1	2.345	0	1	74
1	2.345	0	1	75
1	2.345	0	1	76
1	2.345	0	1	77
1	2.345	0	1	78
1	2.345	0	1	79
1	2.345	0	1	80
1	2.345	0	1	81
1	2.345	0	1	82
1	2.345	0	1	83
1	2.345	0	1	84
1	2.345	0	1	85
1	2.345	0	1	86
1	2.345	0	1	87
1	2.345	0	1	88
1	2.345	0	1	89
1	2.345	0	1	90
1	2.345	0	1	91
1	2.345	0	1	92
1	2.345	0	1	93
1	2.345	0	1	94
1	2.345	0	1	95
1	2.345	0	1	96
1	2.345	0	1	97
1	2.345	0	1	98
1	2.345	0	1	99
1	2.345	0	1	100
1	2.345	0	1	101
1	2.345	0	1	102
1	2.345	0	1	103
1	2.345	0	1	104
1	2.345	0	1	105
1	2.345	0	1	106
1	2.345	0	1	107
1	2.345	0	1	108
1	2.345	0	1	109
1	2.345	0	1	110
1	2.345	0	1	111
1	2.345	0	1	112
1	2.345	0	1	113
1	2.345	0	1	114
1	2.345	0	1	115
1	2.345	0	1	116
1	2.345	0	1	117
1	2.345	0	1	118
1	2.345	0	1	119
1	2.345	0	1	120
1	2.345	0	1	121
1	2.345	0	1	122
1	2.345	0	1	123
1	2.345	0	1	124
1	2.345	0	1	125
1	2.345	0	1	126
1	2.345	0	1	127
1	2.345	0	1	128
1	2.345	0	1	129
1	2.345	0	1	130
1	2.345	0	1	131
1	2.345	0	1	132
1	2.345	0	1	133
1	2.345	0	1	134
1	2.345	0	1	135
1	2.345	0	1	136
1	2.345	0	1	137
1	2.345	0	1	138
1	2.345	0	1	139
1	2.345	0	1	140
1	2.345	0	1	141
1	2.345	0	1	142
1	2.345	0	1	143
1	2.345	0	1	144
1	2.345	0	1	145
1	2.345	0	1	146
1	2.345	0	1	147
1	2.345	0	1	148
1	2.345	0	1	149
1	2.345	0	1	150
1	2.345	0	1	151
1	2.345	0	1	152
1	2.345	0	1	153
1	2.345	0	1	154
1	2.345	0	1	155
1	2.345	0	1	156
1	2.345	0	1	157
1	2.345	0	1	158
1	2.345	0	1	159
1	2.345	0	1	160
1	2.345	0	1	161
1	2.345	0	1	162
1	2.345	0	1	163
1	2.345	0	1	164
1	2.345	0	1	165
1	2.345	0	1	166
1	2.345	0	1	167
1	2.345	0	1	168
1	2.345	0	1	169
1	2.345	0	1	170
1	2.345	0	1	171
1	2.345	0	1	172
1	2.345	0	1	173
1	2.345	0	1	174
1	2.345	0	1	175
1	2.345	0	1	176
1	2.345	0	1	177
1	2.345	0	1	178
1	2.345	0	1	179
1	2.345	0	1	180
1	2.345	0	1	181
1	2.345	0	1	182
1	2.345	0	1	183
1	2.345	0	1	184
1	2.345	0	1	185
1	2.345	0	1	186
1	2.345	0	1	187
1	2.345	0	1	188
1	2.345	0	1	189
1	2.345	0	1	190
1	2.345	0	1	191
1	2.345	0	1	192
1	2.345	0	1	193
1	2.345	0	1	194
1	2.345	0	1	195
1	2.345	0	1	196
1	2.345	0	1	197
1	2.345	0	1	198
1	2.345	0	1	199
1	2.345	0	1	200
1	2.345	0	1	201
1	2.345	0	1	202
1	2.345	0	1	203
1	2.345	0	1	204
1	2.345	0	1	205
1	2.345	0	1	206
1	2.345	0	1	207
1	2.345	0	1	208
1	2.345	0	1	209
1	2.345	0	1	210
1	2.345	0	1	211
1	2.345	0	1	212
1	2.345	0	1	213
1	2.345	0	1	214
1	2.345	0	1	215
1	2.345	0	1	216
1	2.345	0	1	217
1	2.345	0	1	218
1	2.345	0	1	219
1	2.345	0	1	220
1	2.345	0	1	221
1	2.345	0	1	222
1	2.345	0	1	223
1	2.345	0	1	224
1	2.345	0	1	225
1	2.345	0	1	226
1	2.345	0	1	227
1	2.345	0	1	228
1	2.345	0	1	229
1	2.345	0	1	230
1	2.345	0	1	231
1	2.345	0	1	232
1	2.345	0	1	233
1	2.345	0	1	234
1	2.345	0	1	235
1	2.345	0	1	236
1	2.345	0	1	237
1	2.345	0	1	238
1	2.345	0	1	239
1	2.345	0	1	240
1	2.345	0	1	241
1	2.345	0	1	242
1	2.345	0	1	243
1	2.345	0	1	244
1	2.345	0	1	245
1	2.345	0	1	246
1	2.345	0	1	247
1	2.345	0	1	248
1	2.345	0	1	249
1	2.345	0	1	250
1	2.345	0	1	251
1	2.345	0	1	252
1	2.345	0	1	253
1	2.345	0	1	254
1	2.345	0	1	255
1	2.345	0	1	256
1	2.345	0	1	257
1	2.345	0	1	258
1	2.345	0	1	259
1	2.345	0	1	260
1	2.345	0	1	261
1	2.345	0	1	262
1	2.345	0	1	263
1	2.345	0	1	264
1	2.345	0	1	265
1	2.345	0	1	266
1	2.345	0	1	267
1	2.345	0	1	268
1	2.345	0	1	269
1	2.345	0	1	270
1	2.345	0	1	271
1	2.345	0	1	272
1	2.345	0	1	273
1	2.345	0	1	274
1	2.345	0	1	275
1	2.345	0	1	276
1	2.345	0	1	277
1	2.345	0	1	278
1	2.345	0	1	279
1	2.345	0	1	280
1	2.345	0	1	281
1	2.345	0	1	282
1	2.345	0	1	283
1	2.345	0	1	284
1	2.345	0	1	285
1	2.345	0	1	286
1	2.345	0	1	287
1	2.345	0	1	288
1	2.345	0	1	289
1	2.345	0	1	290
1	2.345	0	1	291
1	2.345	0	1	292
1	2.345	0	1	293
1	2.345	0	1	294
1	2.345	0	1	295
1	2.345	0	1	296
1	2.345	0	1	297
1	2.345	0	1	298
1	2.345	0	1	299
1	2.345	0	1	300
2	2.345	0	2	1
2	2.345	0	2	2
2	2.345	0	2	3
2	2.345	0	2	4
2	2.345	0	2	5
2	2.345	0	2	6
2	2.345	0	2	7
2	2.345	0	2	8
2	2.345	0	2	9
2	2.345	0	2	10
2	2.345	0	2	11
2	2.345	0	2	12
2	2.345	0	2	13
2	2.345	0	2	14
2	2.345	0	2	15
2	2.345	0	2	16
2	2.345	0	2	17
2	2.345	0	2	18
2	2.345	0	2	19
2	2.345	0	2	20
2	2.345	0	2	21
2	2.345	0	2	22
2	2.345	0	2	23
2	2.345	0	2	24
2	2.345	0	2	25
2	2.345	0	2	26
2	2.345	0	2	27
2	2.345	0	2	28
2	2.345	0	2	29
2	2.345	0	2	30
2	2.345	0	2	31
2	2.345	0	2	32
2	2.345	0	2	33
2	2.345	0	2	34
2	2.345	0	2	35
2	2.345	0	2	36
2	2.345	0	2	37
2	2.345	0	2	38
2	2.345	0	2	39
2	2.345	0	2	40
2	2.345	0	2	41
2	2.345	0	2	42
2	2.345	0	2	43
2	2.345	0	2	44
2	2.345	0	2	45
2	2.345	0	2	46
2	2.345	0	2	47
2	2.345	0	2	48
2	2.345	0	2	49
2	2.345	0	2	50
2	2.345	0	2	51
2	2.345	0	2	52
2	2.345	0	2	53
2	2.345	0	2	54
2	2.345	0	2	55
2	2.345	0	2	56
2	2.345	0	2	57
2	2.345	0	2	58
2	2.345	0	2	59
2	2.345	0	2	60
2	2.345	0	2	61
2	2.345	0	2	62
2	2.345	0	2	63
2	2.345	0	2	64
2	2.345	0	2	65
2	2.345	0	2	66
2	2.345	0	2	67
2	2.345	0	2	68
2	2.345	0	2	69
2	2.345	0	2	70
2	2.345	0	2	71
2	2.345	0	2	72
2	2.345	0	2	73
2	2.345	0	2	74
2	2.345	0	2	75
2	2.345	0	2	76
2	2.345	0	2	77
2	2.345	0	2	78
2	2.345	0	2	79
2	2.345	0	2	80
2	2.345	0	2	81
2	2.345	0	2	82
2	2.345	0	2	83
2	2.345	0	2	84
2	2.345	0	2	85
2	2.345	0	2	86
2	2.345	0	2	87
2	2.345	0	2	88
2	2.345	0	2	89
2	2.345	0	2	90
2	2.345	0	2	91
2	2.345	0	2	92
2	2.345	0	2	93
2	2.345	0	2	94
2	2.345	0	2	95
2	2.345	0	2	96
2	2.345	0	2	97
2	2.345	0	2	98
2	2.345	0	2	99
2	2.345	0	2	100
2	2.345	0	2	101
2	2.345	0	2	102
2	2.345	0	2	103
2	2.345	0	2	104
2	2.345	0	2	105
2	2.345	0	2	106
2	2.345	0	2	107
2	2.345	0	2	108
2	2.345	0	2	109
2	2.345	0	2	110
2	2.345	0	2	111
2	2.345	0	2	112
2	2.345	0	2	113
2	2.345	0	2	114
2	2.345	0	2	115
2	3.345	1	2	116
2	3.345	1	2	117
2	3.345	1	2	118
2	3.345	1	2	119
2	3.345	1	2	120
2	3.345	1	2	121
2	3.345	1	2	122
2	3.345	1	2	123
2	3.345	1	2	124
2	3.345	1	2	125
2	3.345	1	2	126
2	3.345	1	2	127
2	3.345	1	2	128
2	3.345	1	2	129
2	3.345	1	2	130
2	3.345	1	2	131
2	3.345	1	2	132
2	3.345	1	2	133
2	3.345	1	2	134
2	3.345	1	2	135
2	3.345	1	2	136
2	3.345	1	2	137
2	3.345	1	2	138
2	3.345	1	2	139
2	3.345	1	2	140
2	3.345	1	2	141
2	3.345	1	2	142
2	3.345	1	2	143
2	3.345	1	2	144
2	3.345	1	2	145
2	3.345	1	2	146
2	3.345	1	2	147
2	3.345	1	2	148
2	3.345	1	2	149
2	3.345	1	2	150
2	3.345	1	2	151
2	3.345	1	2	152
2	3.345	1	2	153
2	3.345	1	2	154
2	3.345	1	2	155
2	3.345	1	2	156
2	3.345	1	2	157
2	3.345	1	2	158
2	3.345	1	2	159
2	3.345	1	2	160
2	3.345	1	2	161
2	3.345	1	2	162
2	3.345	1	2	163
2	3.345	1	2	164
2	3.345	1	2	165
2	3.345	1	2	166
2	3.345	1	2	167
2	3.345	1	2	168
2	3.345	1	2	169
2	3.345	1	2	170
2	3.345	1	2	171
2	3.345	1	2	172
2	3.345	1	2	173
2	3.345	1	2	174
2	3.345	1	2	175
2	3.345	1	2	176
2	3.345	1	2	177
2	3.345	1	2	178
2	3.345	1	2	179
2	3.345	1	2	180
2	3.345	1	2	181
2	3.345	1	2	182
2	3.345	1	2	183
2	3.345	1	2	184
2	3.345	1	2	185
2	3.345	1	2	186
2	3.345	1	2	187
2	3.345	1	2	188
2	3.345	1	2	189
2	3.345	1	2	190
2	3.345	1	2	191
2	3.345	1	2	192
2	3.345	1	2	193
2	3.345	1	2	194
2	3.345	1	2	195
2	3.345	1	2	196
2	3.345	1	2	197
2	3.345	1	2	198
2	3.345	1	2	199
2	3.345	1	2	200
2	3.345	1	2	201
2	3.345	1	2	202
2	3.345	1	2	203
2	3.345	1	2	204
2	3.345	1	2	205
2	3.345	1	2	206
2	3.345	1	2	207
2	3.345	1	2	208
2	3.345	1	2	209
2	3.345	1	2	210
2	3.345	1	2	211
2	3.345	1	2	212
2	3.345	1	2	213
2	3.345	1	2	214
2	3.345	1	2	215
2	3.345	1	2	216
2	3.345	1	2	217
2	3.345	1	2	218
2	3.345	1	2	219
2	3.345	1	2	220
2	3.345	1	2	221
2	3.345	1	2	222
2	3.345	1	2	223
2	3.345	1	2	224
2	3.345	1	2	225
2	3.345	1	2	226
2	3.345	1	2	227
2	3.345	1	2	228
2	3.345	1	2	229
2	3.345	1	2	230
2	3.345	1	2	231
2	3.345	1	2	232
2	3.345	1	2	233
2	3.345	1	2	234
2	3.345	1	2	235
2	3.345	1	2	236
2	3.345	1	2	237
2	3.345	1	2	238
2	3.345	1	2	239
2	3.345	1	2	240
2	3.345	1	2	241
2	3.345	1	2	242
2	3.345	1	2	243
2	3.345	1	2	244
2	3.345	1	2	245
2	3.345	1	2	246
2	3.345	1	2	247
2	3.345	1	2	248
2	3.345	1	2	249
2	3.345	1	2	250
2	3.345	1	2	251
2	3.345	1	2	252
2	3.345	1	2	253
2	3.345	1	2	254
2	3.345	1	2	255
2	3.345	1	2	256
2	3.345	1	2	257
2	3.345	1	2	258
2	3.345	1	2	259
2	3.345	1	2	260
2	3.345	1	2	261
2	3.345	1	2	262
2	3.345	1	2	263
2	3.345	1	2	264
2	3.345	1	2	265
2	3.345	1	2	266
2	4.345	2	2	267
2	4.345	2	2	268
2	4.345	2	2	269
2	4.345	2	2	270
2	4.345	2	2	271
2	4.345	2	2	272
2	4.345	2	2	273
2	4.345	2	2	274
2	4.345	2	2	275
2	4.345	2	2	276
2	4.345	2	2	277
2	4.345	2	2	278
2	4.345	2	2	279
2	4.345	2	2	280
2	4.345	2	2	281
2	4.345	2	2	282
2	4.345	2	2	283
2	4.345	2	2	284
2	4.345	2	2	285
2	4.345	2	2	286
2	4.345	2	2	287
2	4.345	2	2	288
2	4.345	2	2	289
2	4.345	2	2	290
2	4.345	2	2	291
2	4.345	2	2	292
2	4.345	2	2	293
2	4.345	2	2	294
2	4.345	2	2	295
2	4.345	2	2	296
2	4.345	2	2	297
2	4.345	2	2	298
2	4.345	2	2	299
2	4.345	2	2	300
3	2.345	0	3	1
3	2.345	0	3	2
3	2.345	0	3	3
3	2.345	0	3	4
3	2.345	0	3	5
3	2.345	0	3	6
3	2.345	0	3	7
3	2.345	0	3	8
3	2.345	0	3	9
3	2.345	0	3	10
3	2.345	0	3	11
3	2.345	0	3	12
3	2.345	0	3	13
3	2.345	0	3	14
3	2.345	0	3	15
3	2.345	0	3	16
3	2.345	0	3	17
3	2.345	0	3	18
3	2.345	0	3	19
3	2.345	0	3	20
3	2.345	0	3	21
3	2.345	0	3	22
3	2.345	0	3	23
3	2.345	0	3	24
3	2.345	0	3	25
3	2.345	0	3	26
3	2.345	0	3	27
3	2.345	0	3	28
3	2.345	0	3	29
3	2.345	0	3	30
3	2.345	0	3	31
3	2.345	0	3	32
3	2.345	0	3	33
3	2.345	0	3	34
3	2.345	0	3	35
3	2.345	0	3	36
3	2.345	0	3	37
3	2.345	0	3	38
3	2.345	0	3	39
3	2.345	0	3	40
3	2.345	0	3	41
3	2.345	0	3	42
3	2.345	0	3	43
3	2.345	0	3	44
3	2.345	0	3	45
3	2.345	0	3	46
3	2.345	0	3	47
3	2.345	0	3	48
3	2.345	0	3	49
3	2.345	0	3	50
3	2.345	0	3	51
3	2.345	0	3	52
3	2.345	0	3	53
3	2.345	0	3	54
3	2.345	0	3	55
3	2.345	0	3	56
3	2.345	0	3	57
3	2.345	0	3	58
3	2.345	0	3	59
3	2.345	0	3	60
3	2.345	0	3	61
3	2.345	0	3	62
3	2.345	0	3	63
3	2.345	0	3	64
3	2.345	0	3	65
3	2.345	0	3	66
3	2.345	0	3	67
3	2.345	0	3	68
3	2.345	0	3	69
3	2.345	0	3	70
3	2.345	0	3	71
3	2.345	0	3	72
3	2.345	0	3	73
3	2.345	0	3	74
3	2.345	0	3	75
3	2.345	0	3	76
3	2.345	0	3	77
3	2.345	0	3	78
3	2.345	0	3	79
3	2.345	0	3	80
3	2.345	0	3	81
3	2.345	0	3	82
3	2.345	0	3	83
3	2.345	0	3	84
3	2.345	0	3	85
3	2.345	0	3	86
3	2.345	0	3	87
3	2.345	0	3	88
3	2.345	0	3	89
3	2.345	0	3	90
3	2.345	0	3	91
3	2.345	0	3	92
3	2.345	0	3	93
3	2.345	0	3	94
3	2.345	0	3	95
3	2.345	0	3	96
3	2.345	0	3	97
3	2.345	0	3	98
3	2.345	0	3	99
3	2.345	0	3	100
3	2.345	0	3	101
3	2.345	0	3	102
3	2.345	0	3	103
3	2.345	0	3	104
3	2.345	0	3	105
3	2.345	0	3	106
3	2.345	0	3	107
3	2.345	0	3	108
3	2.345	0	3	109
3	2.345	0	3	110
3	2.345	0	3	111
3	2.345	0	3	112
3	2.345	0	3	113
3	2.345	0	3	114
3	2.345	0	3	115
3	2.345	0	3	116
3	2.345	0	3	117
3	3.345	1	3	118
3	3.345	1	3	119
3	3.345	1	3	120
3	3.345	1	3	121
3	3.345	1	3	122
3	3.345	1	3	123
3	3.345	1	3	124
3	3.345	1	3	125
3	3.345	1	3	126
3	3.345	1	3	127
3	3.345	1	3	128
3	3.345	1	3	129
3	3.345	1	3	130
3	3.345	1	3	131
3	3.345	1	3	132
3	3.345	1	3	133
3	3.345	1	3	134
3	3.345	1	3	135
3	3.345	1	3	136
3	3.345	1	3	137
3	3.345	1	3	138
3	3.345	1	3	139
3	3.345	1	3	140
3	3.345	1	3	141
3	3.345	1	3	142
3	3.345	1	3	143
3	3.345	1	3	144
3	3.345	1	3	145
3	3.345	1	3	146
3	3.345	1	3	147
3	3.345	1	3	148
3	3.345	1	3	149
3	3.345	1	3	150
3	3.345	1	3	151
3	3.345	1	3	152
3	3.345	1	3	153
3	3.345	1	3	154
3	3.345	1	3	155
3	3.345	1	3	156
3	3.345	1	3	157
3	3.345	1	3	158
3	3.345	1	3	159
3	3.345	1	3	160
3	3.345	1	3	161
3	3.345	1	3	162
3	3.345	1	3	163
3	3.345	1	3	164
3	3.345	1	3	165
3	3.345	1	3	166
3	3.345	1	3	167
3	3.345	1	3	168
3	3.345	1	3	169
3	3.345	1	3	170
3	3.345	1	3	171
3	3.345	1	3	172
3	3.345	1	3	173
3	3.345	1	3	174
3	3.345	1	3	175
3	3.345	1	3	176
3	3.345	1	3	177
3	3.345	1	3	178
3	3.345	1	3	179
3	3.345	1	3	180
3	3.345	1	3	181
3	3.345	1	3	182
3	3.345	1	3	183
3	3.345	1	3	184
3	3.345	1	3	185
3	3.345	1	3	186
3	3.345	1	3	187
3	3.345	1	3	188
3	3.345	1	3	189
3	3.345	1	3	190
3	3.345	1	3	191
3	3.345	1	3	192
3	3.345	1	3	193
3	3.345	1	3	194
3	3.345	1	3	195
3	3.345	1	3	196
3	3.345	1	3	197
3	3.345	1	3	198
3	3.345	1	3	199
3	3.345	1	3	200
3	3.345	1	3	201
3	3.345	1	3	202
3	3.345	1	3	203
3	3.345	1	3	204
3	3.345	1	3	205
3	3.345	1	3	206
3	3.345	1	3	207
3	3.345	1	3	208
3	3.345	1	3	209
3	3.345	1	3	210
3	3.345	1	3	211
3	3.345	1	3	212
3	3.345	1	3	213
3	3.345	1	3	214
3	3.345	1	3	215
3	3.345	1	3	216
3	3.345	1	3	217
3	3.345	1	3	218
3	3.345	1	3	219
3	3.345	1	3	220
3	3.345	1	3	221
3	3.345	1	3	222
3	3.345	1	3	223
3	3.345	1	3	224
3	3.345	1	3	225
3	3.345	1	3	226
3	3.345	1	3	227
3	3.345	1	3	228
3	3.345	1	3	229
3	3.345	1	3	230
3	3.345	1	3	231
3	3.345	1	3	232
3	3.345	1	3	233
3	3.345	1	3	234
3	3.345	1	3	235
3	3.345	1	3	236
3	3.345	1	3	237
3	3.345	1	3	238
3	3.345	1	3	239
3	3.345	1	3	240
3	3.345	1	3	241
3	4.345	2	3	242
3	4.345	2	3	243
3	4.345	2	3	244
3	4.345	2	3	245
3	4.345	2	3	246
3	4.345	2	3	247
3	4.345	2	3	248
3	4.345	2	3	249
3	4.345	2	3	250
3	4.345	2	3	251
3	4.345	2	3	252
3	4.345	2	3	253
3	4.345	2	3	254
3	4.345	2	3	255
3	4.345	2	3	256
3	4.345	2	3	257
3	4.345	2	3	258
3	4.345	2	3	259
3	4.345	2	3	260
3	4.345	2	3	261
3	4.345	2	3	262
3	4.345	2	3	263
3	4.345	2	3	264
3	4.345	2	3	265
3	4.345	2	3	266
3	4.345	2	3	267
3	4.345	2	3	268
3	4.345	2	3	269
3	4.345	2	3	270
3	4.345	2	3	271
3	4.345	2	3	272
3	4.345	2	3	273
3	4.345	2	3	274
3	4.345	2	3	275
3	4.345	2	3	276
3	4.345	2	3	277
3	4.345	2	3	278
3	4.345	2	3	279
3	4.345	2	3	280
3	4.345	2	3	281
3	4.345	2	3	282
3	4.345	2	3	283
3	4.345	2	3	284
3	4.345	2	3	285
3	4.345	2	3	286
3	4.345	2	3	287
3	4.345	2	3	288
3	4.345	2	3	289
3	4.345	2	3	290
3	4.345	2	3	291
3	4.345	2	3	292
3	4.345	2	3	293
3	4.345	2	3	294
3	4.345	2	3	295
3	4.345	2	3	296
3	4.345	2	3	297
3	4.345	2	3	298
3	4.345	2	3	299
3	4.345	2	3	300
4	2.345	0	4	1
4	2.345	0	4	2
4	2.345	0	4	3
4	2.345	0	4	4
4	2.345	0	4	5
4	2.345	0	4	6
4	2.345	0	4	7
4	2.345	0	4	8
4	2.345	0	4	9
4	2.345	0	4	10
4	2.345	0	4	11
4	2.345	0	4	12
4	2.345	0	4	13
4	2.345	0	4	14
4	2.345	0	4	15
4	2.345	0	4	16
4	2.345	0	4	17
4	2.345	0	4	18
4	2.345	0	4	19
4	2.345	0	4	20
4	3.345	1	4	21
4	3.345	1	4	22
4	3.345	1	4	23
4	3.345	1	4	24
4	3.345	1	4	25
4	3.345	1	4	26
4	3.345	1	4	27
4	3.345	1	4	28
4	3.345	1	4	29
4	3.345	1	4	30
4	3.345	1	4	31
4	3.345	1	4	32
4	3.345	1	4	33
4	4.345	2	4	34
4	4.345	2	4	35
4	4.345	2	4	36
4	4.345	2	4	37
4	4.345	2	4	38
4	4.345	2	4	39
4	4.345	2	4	40
4	4.345	2	4	41
4	4.345	2	4	42
4	4.345	2	4	43
4	4.345	2	4	44
4	4.345	2	4	45
4	4.345	2	4	46
4	4.345	2	4	47
4	5.345	3	4	48
4	5.345	3	4	49
4	5.345	3	4	50
4	5.345	3	4	51
4	5.345	3	4	52
4	5.345	3	4	53
4	5.345	3	4	54
4	5.345	3	4	55
4	5.345	3	4	56
4	5.345	3	4	57
4	5.345	3	4	58
4	5.345	3	4	59
4	5.345	3	4	60
4	5.345	3	4	61
4	5.345	3	4	62
4	5.345	3	4	63
4	5.345	3	4	64
4	5.345	3	4	65
4	5.345	3	4	66
4	5.345	3	4	67
4	5.345	3	4	68
4	5.345	3	4	69
4	5.345	3	4	70
4	5.345	3	4	71
4	5.345	3	4	72
4	5.345	3	4	73
4	5.345	3	4	74
4	5.345	3	4	75
4	5.345	3	4	76
4	5.345	3	4	77
4	5.345	3	4	78
4	5.345	3	4	79
4	5.345	3	4	80
4	5.345	3	4	81
4	5.345	3	4	82
4	5.345	3	4	83
4	5.345	3	4	84
4	5.345	3	4	85
4	5.345	3	4	86
4	5.345	3	4	87
4	5.345	3	4	88
4	5.345	3	4	89
4	5.345	3	4	90
4	5.345	3	4	91
4	5.345	3	4	92
4	5.345	3	4	93
4	5.345	3	4	94
4	5.345	3	4	95
4	5.345	3	4	96
4	5.345	3	4	97
4	5.345	3	4	98
4	5.345	3	4	99
4	5.345	3	4	100
4	5.345	3	4	101
4	5.345	3	4	102
4	5.345	3	4	103
4	5.345	3	4	104
4	5.345	3	4	105
4	5.345	3	4	106
4	5.345	3	4	107
4	6.345	4	4	108
4	6.345	4	4	109
4	6.345	4	4	110
4	6.345	4	4	111
4	6.345	4	4	112
4	6.345	4	4	113
4	6.345	4	4	114
4	6.345	4	4	115
4	6.345	4	4	116
4	6.345	4	4	117
4	6.345	4	4	118
4	6.345	4	4	119
4	6.345	4	4	120
4	6.345	4	4	121
4	6.345	4	4	122
4	6.345	4	4	123
4	6.345	4	4	124
4	6.345	4	4	125
4	6.345	4	4	126
4	6.345	4	4	127
4	6.345	4	4	128
4	6.345	4	4	129
4	6.345	4	4	130
4	6.345	4	4	131
4	6.345	4	4	132
4	6.345	4	4	133
4	7.345	5	4	134
4	7.345	5	4	135
4	7.345	5	4	136
4	7.345	5	4	137
4	7.345	5	4	138
4	7.345	5	4	139
4	7.345	5	4	140
4	7.345	5	4	141
4	7.345	5	4	142
4	7.345	5	4	143
4	7.345	5	4	144
4	7.345	5	4	145
4	7.345	5	4	146
4	7.345	5	4	147
4	7.345	5	4	148
4	7.345	5	4	149
4	7.345	5	4	150
4	7.345	5	4	151
4	7.345	5	4	152
4	7.345	5	4	153
4	7.345	5	4	154
4	7.345	5	4	155
4	7.345	5	4	156
4	7.345	5	4	157
4	7.345	5	4	158
4	7.345	5	4	159
4	7.345	5	4	160
4	7.345	5	4	161
4	7.345	5	4	162
4	7.345	5	4	163
4	7.345	5	4	164
4	7.345	5	4	165
4	7.345	5	4	166
4	7.345	5	4	167
4	8.345	6	4	168
4	8.345	6	4	169
4	8.345	6	4	170
4	8.345	6	4	171
4	8.345	6	4	172
4	8.345	6	4	173
4	8.345	6	4	174
4	8.345	6	4	175
4	8.345	6	4	176
4	8.345	6	4	177
4	8.345	6	4	178
4	8.345	6	4	179
4	8.345	6	4	180
4	8.345	6	4	181
4	8.345	6	4	182
4	8.345	6	4	183
4	8.345	6	4	184
4	8.345	6	4	185
4	8.345	6	4	186
4	8.345	6	4	187
4	8.345	6	4	188
4	8.345	6	4	189
4	8.345	6	4	190
4	8.345	6	4	191
4	8.345	6	4	192
4	8.345	6	4	193
4	8.345	6	4	194
4	8.345	6	4	195
4	8.345	6	4	196
4	8.345	6	4	197
4	8.345	6	4	198
4	8.345	6	4	199
4	8.345	6	4	200
4	8.345	6	4	201
4	8.345	6	4	202
4	8.345	6	4	203
4	8.345	6	4	204
4	8.345	6	4	205
4	8.345	6	4	206
4	8.345	6	4	207
4	8.345	6	4	208
4	8.345	6	4	209
4	8.345	6	4	210
4	8.345	6	4	211
4	8.345	6	4	212
4	8.345	6	4	213
4	8.345	6	4	214
4	8.345	6	4	215
4	8.345	6	4	216
4	8.345	6	4	217
4	8.345	6	4	218
4	8.345	6	4	219
4	8.345	6	4	220
4	8.345	6	4	221
4	8.345	6	4	222
4	8.345	6	4	223
4	8.345	6	4	224
4	8.345	6	4	225
4	8.345	6	4	226
4	8.345	6	4	227
4	8.345	6	4	228
4	8.345	6	4	229
4	8.345	6	4	230
4	8.345	6	4	231
4	8.345	6	4	232
4	8.345	6	4	233
4	8.345	6	4	234
4	8.345	6	4	235
4	8.345	6	4	236
4	8.345	6	4	237
4	8.345	6	4	238
4	8.345	6	4	239
4	8.345	6	4	240
4	9.345	7	4	241
4	9.345	7	4	242
4	9.345	7	4	243
4	9.345	7	4	244
4	9.345	7	4	245
4	9.345	7	4	246
4	9.345	7	4	247
4	9.345	7	4	248
4	9.345	7	4	249
4	9.345	7	4	250
4	9.345	7	4	251
4	9.345	7	4	252
4	9.345	7	4	253
4	9.345	7	4	254
4	9.345	7	4	255
4	9.345	7	4	256
4	9.345	7	4	257
4	9.345	7	4	258
4	9.345	7	4	259
4	9.345	7	4	260
4	9.345	7	4	261
4	9.345	7	4	262
4	9.345	7	4	263
4	9.345	7	4	264
4	9.345	7	4	265
4	9.345	7	4	266
4	9.345	7	4	267
4	9.345	7	4	268
4	9.345	7	4	269
4	9.345	7	4	270
4	9.345	7	4	271
4	9.345	7	4	272
4	9.345	7	4	273
4	9.345	7	4	274
4	9.345	7	4	275
4	9.345	7	4	276
4	9.345	7	4	277
4	9.345	7	4	278
4	9.345	7	4	279
4	9.345	7	4	280
4	10.345	8	4	281
4	11.345	9	4	282
4	11.345	9	4	283
4	11.345	9	4	284
4	11.345	9	4	285
4	11.345	9	4	286
4	11.345	9	4	287
4	11.345	9	4	288
4	11.345	9	4	289
4	11.345	9	4	290
4	11.345	9	4	291
4	11.345	9	4	292
4	11.345	9	4	293
4	11.345	9	4	294
4	11.345	9	4	295
4	11.345	9	4	296
4	11.345	9	4	297
4	11.345	9	4	298
4	11.345	9	4	299
4	11.345	9	4	300
5	2.345	0	5	1
5	2.345	0	5	2
5	2.345	0	5	3
5	2.345	0	5	4
5	2.345	0	5	5
5	2.345	0	5	6
5	2.345	0	5	7
5	2.345	0	5	8
5	2.345	0	5	9
5	2.345	0	5	10
5	2.345	0	5	11
5	2.345	0	5	12
5	2.345	0	5	13
5	2.345	0	5	14
5	2.345	0	5	15
5	2.345	0	5	16
5	2.345	0	5	17
5	2.345	0	5	18
5	2.345	0	5	19
5	2.345	0	5	20
5	2.345	0	5	21
5	2.345	0	5	22
5	2.345	0	5	23
5	3.345	1	5	24
5	3.345	1	5	25
5	3.345	1	5	26
5	3.345	1	5	27
5	3.345	1	5	28
5	3.345	1	5	29
5	3.345	1	5	30
5	3.345	1	5	31
5	3.345	1	5	32
5	4.345	2	5	33
5	4.345	2	5	34
5	4.345	2	5	35
5	4.345	2	5	36
5	4.345	2	5	37
5	4.345	2	5	38
5	4.345	2	5	39
5	4.345	2	5	40
5	4.345	2	5	41
5	4.345	2	5	42
5	4.345	2	5	43
5	4.345	2	5	44
5	4.345	2	5	45
5	4.345	2	5	46
5	4.345	2	5	47
5	4.345	2	5	48
5	4.345	2	5	49
5	4.345	2	5	50
5	4.345	2	5	51
5	5.345	3	5	52
5	5.345	3	5	53
5	5.345	3	5	54
5	5.345	3	5	55
5	5.345	3	5	56
5	5.345	3	5	57
5	5.345	3	5	58
5	5.345	3	5	59
5	5.345	3	5	60
5	5.345	3	5	61
5	5.345	3	5	62
5	5.345	3	5	63
5	5.345	3	5	64
5	5.345	3	5	65
5	5.345	3	5	66
5	5.345	3	5	67
5	6.345	4	5	68
5	6.345	4	5	69
5	6.345	4	5	70
5	6.345	4	5	71
5	6.345	4	5	72
5	6.345	4	5	73
5	6.345	4	5	74
5	6.345	4	5	75
5	6.345	4	5	76
5	6.345	4	5	77
5	6.345	4	5	78
5	6.345	4	5	79
5	6.345	4	5	80
5	6.345	4	5	81
5	6.345	4	5	82
5	6.345	4	5	83
5	6.345	4	5	84
5	6.345	4	5	85
5	6.345	4	5	86
5	6.345	4	5	87
5	6.345	4	5	88
5	6.345	4	5	89
5	6.345	4	5	90
5	6.345	4	5	91
5	6.345	4	5	92
5	6.345	4	5	93
5	6.345	4	5	94
5	6.345	4	5	95
5	6.345	4	5	96
5	6.345	4	5	97
5	7.345	5	5	98
5	7.345	5	5	99
5	7.345	5	5	100
5	7.345	5	5	101
5	7.345	5	5	102
5	7.345	5	5	103
5	7.345	5	5	104
5	7.345	5	5	105
5	7.345	5	5	106
5	7.345	5	5	107
5	7.345	5	5	108
5	7.345	5	5	109
5	7.345	5	5	110
5	7.345	5	5	111
5	7.345	5	5	112
5	7.345	5	5	113
5	7.345	5	5	114
5	7.345	5	5	115
5	7.345	5	5	116
5	7.345	5	5	117
5	7.345	5	5	118
5	7.345	5	5	119
5	7.345	5	5	120
5	7.345	5	5	121
5	7.345	5	5	122
5	7.345	5	5	123
5	7.345	5	5	124
5	7.345	5	5	125
5	7.345	5	5	126
5	7.345	5	5	127
5	7.345	5	5	128
5	7.345	5	5	129
5	7.345	5	5	130
5	8.345	6	5	131
5	8.345	6	5	132
5	8.345	6	5	133
5	8.345	6	5	134
5	8.345	6	5	135
5	8.345	6	5	136
5	8.345	6	5	137
5	8.345	6	5	138
5	9.345	7	5	139
5	9.345	7	5	140
5	9.345	7	5	141
5	9.345	7	5	142
5	9.345	7	5	143
5	9.345	7	5	144
5	9.345	7	5	145
5	9.345	7	5	146
5	9.345	7	5	147
5	10.345	8	5	148
5	10.345	8	5	149
5	10.345	8	5	150
5	10.345	8	5	151
5	10.345	8	5	152
5	10.345	8	5	153
5	10.345	8	5	154
5	10.345	8	5	155
5	10.345	8	5	156
5	10.345	8	5	157
5	10.345	8	5	158
5	10.345	8	5	159
5	10.345	8	5	160
5	10.345	8	5	161
5	10.345	8	5	162
5	10.345	8	5	163
5	10.345	8	5	164
5	10.345	8	5	165
5	10.345	8	5	166
5	10.345	8	5	167
5	10.345	8	5	168
5	10.345	8	5	169
5	10.345	8	5	170
5	11.345	9	5	171
5	11.345	9	5	172
5	12.345	10	5	173
5	13.345	11	5	174
5	14.345	12	5	175
5	14.345	12	5	176
5	14.345	12	5	177
5	14.345	12	5	178
5	14.345	12	5	179
5	14.345	12	5	180
5	14.345	12	5	181
5	14.345	12	5	182
5	14.345	12	5	183
5	14.345	12	5	184
5	14.345	12	5	185
5	14.345	12	5	186
5	15.345	13	5	187
5	15.345	13	5	188
5	15.345	13	5	189
5	15.345	13	5	190
5	15.345	13	5	191
5	15.345	13	5	192
5	15.345	13	5	193
5	15.345	13	5	194
5	16.345	14	5	195
5	16.345	14	5	196
5	16.345	14	5	197
5	16.345	14	5	198
5	16.345	14	5	199
5	16.345	14	5	200
5	16.345	14	5	201
5	16.345	14	5	202
5	16.345	14	5	203
5	16.345	14	5	204
5	17.345	15	5	205
5	17.345	15	5	206
5	18.345	16	5	207
5	18.345	16	5	208
5	18.345	16	5	209
5	18.345	16	5	210
5	18.345	16	5	211
5	18.345	16	5	212
5	19.345	17	5	213
5	19.345	17	5	214
5	19.345	17	5	215
5	19.345	17	5	216
5	20.345	18	5	217
5	20.345	18	5	218
5	20.345	18	5	219
5	20.345	18	5	220
5	20.345	18	5	221
5	20.345	18	5	222
5	20.345	18	5	223
5	20.345	18	5	224
5	20.345	18	5	225
5	20.345	18	5	226
5	21.345	19	5	227
5	21.345	19	5	228
5	22.345	20	5	229
5	22.345	20	5	230
5	22.345	20	5	231
5	22.345	20	5	232
5	23.345	21	5	233
5	23.345	21	5	234
5	23.345	21	5	235
5	24.345	22	5	236
5	24.345	22	5	237
5	24.345	22	5	238
5	25.345	23	5	239
5	25.345	23	5	240
5	25.345	23	5	241
5	25.345	23	5	242
5	25.345	23	5	243
5	25.345	23	5	244
5	26.345	24	5	245
5	26.345	24	5	246
5	26.345	24	5	247
5	26.345	24	5	248
5	26.345	24	5	249
5	26.345	24	5	250
5	26.345	24	5	251
5	26.345	24	5	252
5	26.345	24	5	253
5	27.345	25	5	254
5	27.345	25	5	255
5	27.345	25	5	256
5	27.345	25	5	257
5	28.345	26	5	258
5	28.345	26	5	259
5	29.345	27	5	260
5	30.345	28	5	261
5	30.345	28	5	262
5	30.345	28	5	263
5	30.345	28	5	264
5	30.345	28	5	265
5	30.345	28	5	266
5	30.345	28	5	267
5	30.345	28	5	268
5	30.345	28	5	269
5	30.345	28	5	270
5	30.345	28	5	271
5	30.345	28	5	272
5	30.345	28	5	273
5	30.345	28	5	274
5	30.345	28	5	275
5	30.345	28	5	276
5	30.345	28	5	277
5	30.345	28	5	278
5	30.345	28	5	279
5	31.345	29	5	280
5	31.345	29	5	281
5	31.345	29	5	282
5	31.345	29	5	283
5	31.345	29	5	284
5	31.345	29	5	285
5	31.345	29	5	286
5	31.345	29	5	287
5	31.345	29	5	288
5	31.345	29	5	289
5	31.345	29	5	290
5	31.345	29	5	291
5	31.345	29	5	292
5	31.345	29	5	293
5	31.345	29	5	294
5	31.345	29	5	295
5	32.345	30	5	296
5	32.345	30	5	297
5	32.345	30	5	298
5	33.345	31	5	299
5	33.345	31	5	300
6	2.345	0	6	1
6	2.345	0	6	2
6	2.345	0	6	3
6	2.345	0	6	4
6	2.345	0	6	5
6	2.345	0	6	6
6	2.345	0	6	7
6	2.345	0	6	8
6	2.345	0	6	9
6	2.345	0	6	10
6	2.345	0	6	11
6	2.345	0	6	12
6	2.345	0	6	13
6	2.345	0	6	14
6	2.345	0	6	15
6	2.345	0	6	16
6	2.345	0	6	17
6	2.345	0	6	18
6	2.345	0	6	19
6	3.345	1	6	20
6	3.345	1	6	21
6	3.345	1	6	22
6	3.345	1	6	23
6	3.345	1	6	24
6	3.345	1	6	25
6	3.345	1	6	26
6	3.345	1	6	27
6	3.345	1	6	28
6	3.345	1	6	29
6	3.345	1	6	30
6	3.345	1	6	31
6	3.345	1	6	32
6	3.345	1	6	33
6	3.345	1	6	34
6	3.345	1	6	35
6	3.345	1	6	36
6	3.345	1	6	37
6	3.345	1	6	38
6	3.345	1	6	39
6	3.345	1	6	40
6	3.345	1	6	41
6	3.345	1	6	42
6	3.345	1	6	43
6	3.345	1	6	44
6	3.345	1	6	45
6	3.345	1	6	46
6	3.345	1	6	47
6	3.345	1	6	48
6	3.345	1	6	49
6	4.345	2	6	50
6	4.345	2	6	51
6	4.345	2	6	52
6	4.345	2	6	53
6	4.345	2	6	54
6	4.345	2	6	55
6	5.345	3	6	56
6	5.345	3	6	57
6	5.345	3	6	58
6	5.345	3	6	59
6	5.345	3	6	60
6	5.345	3	6	61
6	5.345	3	6	62
6	5.345	3	6	63
6	5.345	3	6	64
6	5.345	3	6	65
6	5.345	3	6	66
6	5.345	3	6	67
6	5.345	3	6	68
6	6.345	4	6	69
6	6.345	4	6	70
6	6.345	4	6	71
6	7.345	5	6	72
6	7.345	5	6	73
6	8.345	6	6	74
6	8.345	6	6	75
6	8.345	6	6	76
6	8.345	6	6	77
6	8.345	6	6	78
6	8.345	6	6	79
6	8.345	6	6	80
6	8.345	6	6	81
6	8.345	6	6	82
6	8.345	6	6	83
6	8.345	6	6	84
6	8.345	6	6	85
6	8.345	6	6	86
6	8.345	6	6	87
6	8.345	6	6	88
6	8.345	6	6	89
6	8.345	6	6	90
6	9.345	7	6	91
6	9.345	7	6	92
6	9.345	7	6	93
6	9.345	7	6	94
6	9.345	7	6	95
6	10.345	8	6	96
6	10.345	8	6	97
6	10.345	8	6	98
6	11.345	9	6	99
6	12.345	10	6	100
6	12.345	10	6	101
6	12.345	10	6	102
6	12.345	10	6	103
6	12.345	10	6	104
6	13.345	11	6	105
6	13.345	11	6	106
6	13.345	11	6	107
6	13.345	11	6	108
6	13.345	11	6	109
6	13.345	11	6	110
6	13.345	11	6	111
6	13.345	11	6	112
6	13.345	11	6	113
6	13.345	11	6	114
6	13.345	11	6	115
6	13.345	11	6	116
6	14.345	12	6	117
6	14.345	12	6	118
6	14.345	12	6	119
6	15.345	13	6	120
6	15.345	13	6	121
6	15.345	13	6	122
6	15.345	13	6	123
6	16.345	14	6	124
6	17.345	15	6	125
6	18.345	16	6	126
6	18.345	16	6	127
6	19.345	17	6	128
6	19.345	17	6	129
6	19.345	17	6	130
6	19.345	17	6	131
6	19.345	17	6	132
6	20.345	18	6	133
6	20.345	18	6	134
6	20.345	18	6	135
6	20.345	18	6	136
6	20.345	18	6	137
6	21.345	19	6	138
6	21.345	19	6	139
6	21.345	19	6	140
6	21.345	19	6	141
6	21.345	19	6	142
6	21.345	19	6	143
6	21.345	19	6	144
6	21.345	19	6	145
6	22.345	20	6	146
6	22.345	20	6	147
6	22.345	20	6	148
6	22.345	20	6	149
6	22.345	20	6	150
6	22.345	20	6	151
6	22.345	20	6	152
6	22.345	20	6	153
6	23.345	21	6	154
6	24.345	22	6	155
6	24.345	22	6	156
6	24.345	22	6	157
6	25.345	23	6	158
6	25.345	23	6	159
6	25.345	23	6	160
6	25.345	23	6	161
6	25.345	23	6	162
6	25.345	23	6	163
6	26.345	24	6	164
6	26.345	24	6	165
6	26.345	24	6	166
6	27.345	25	6	167
6	27.345	25	6	168
6	27.345	25	6	169
6	27.345	25	6	170
6	27.345	25	6	171
6	28.345	26	6	172
6	28.345	26	6	173
6	28.345	26	6	174
6	28.345	26	6	175
6	28.345	26	6	176
6	29.345	27	6	177
6	29.345	27	6	178
6	30.345	28	6	179
6	31.345	29	6	180
6	31.345	29	6	181
6	31.345	29	6	182
6	31.345	29	6	183
6	31.345	29	6	184
6	31.345	29	6	185
6	31.345	29	6	186
6	31.345	29	6	187
6	31.345	29	6	188
6	31.345	29	6	189
6	31.345	29	6	190
6	31.345	29	6	191
6	31.345	29	6	192
6	31.345	29	6	193
6	31.345	29	6	194
6	31.345	29	6	195
6	31.345	29	6	196
6	31.345	29	6	197
6	31.345	29	6	198
6	31.345	29	6	199
6	31.345	29	6	200
6	31.345	29	6	201
6	31.345	29	6	202
6	32.345	30	6	203
6	33.345	31	6	204
6	33.345	31	6	205
6	33.345	31	6	206
6	33.345	31	6	207
6	33.345	31	6	208
6	33.345	31	6	209
6	33.345	31	6	210
6	33.345	31	6	211
6	33.345	31	6	212
6	33.345	31	6	213
6	33.345	31	6	214
6	33.345	31	6	215
6	34.345	32	6	216
6	34.345	32	6	217
6	34.345	32	6	218
6	34.345	32	6	219
6	34.345	32	6	220
6	34.345	32	6	221
6	34.345	32	6	222
6	34.345	32	6	223
6	34.345	32	6	224
6	34.345	32	6	225
6	34.345	32	6	226
6	34.345	32	6	227
6	34.345	32	6	228
6	34.345	32	6	229
6	34.345	32	6	230
6	34.345	32	6	231
6	34.345	32	6	232
6	34.345	32	6	233
6	34.345	32	6	234
6	34.345	32	6	235
6	34.345	32	6	236
6	35.345	33	6	237
6	36.345	34	6	238
6	36.345	34	6	239
6	36.345	34	6	240
6	36.345	34	6	241
6	36.345	34	6	242
6	37.345	35	6	243
6	38.345	36	6	244
6	38.345	36	6	245
6	38.345	36	6	246
6	38.345	36	6	247
6	38.345	36	6	248
6	38.345	36	6	249
6	38.345	36	6	250
6	38.345	36	6	251
6	38.345	36	6	252
6	38.345	36	6	253
6	38.345	36	6	254
6	38.345	36	6	255
6	38.345	36	6	256
6	38.345	36	6	257
6	38.345	36	6	258
6	38.345	36	6	259
6	38.345	36	6	260
6	38.345	36	6	261
6	39.345	37	6	262
6	39.345	37	6	263
6	39.345	37	6	264
6	39.345	37	6	265
6	39.345	37	6	266
6	39.345	37	6	267
6	39.345	37	6	268
6	39.345	37	6	269
6	40.345	38	6	270
6	40.345	38	6	271
6	41.345	39	6	272
6	42.345	40	6	273
6	42.345	40	6	274
6	43.345	41	6	275
6	43.345	41	6	276
6	43.345	41	6	277
6	43.345	41	6	278
6	43.345	41	6	279
6	43.345	41	6	280
6	43.345	41	6	281
6	43.345	41	6	282
6	43.345	41	6	283
6	44.345	42	6	284
6	44.345	42	6	285
6	44.345	42	6	286
6	44.345	42	6	287
6	44.345	42	6	288
6	44.345	42	6	289
6	44.345	42	6	290
6	44.345	42	6	291
6	45.345	43	6	292
6	45.345	43	6	293
6	45.345	43	6	294
6	45.345	43	6	295
6	45.345	43	6	296
6	45.345	43	6	297
6	45.345	43	6	298
6	45.345	43	6	299
6	45.345	43	6	300
7	2.345	0	7	1
7	2.345	0	7	2
7	2.345	0	7	3
7	2.345	0	7	4
7	2.345	0	7	5
7	2.345	0	7	6
7	2.345	0	7	7
7	2.345	0	7	8
7	2.345	0	7	9
7	2.345	0	7	10
7	2.345	0	7	11
7	2.345	0	7	12
7	2.345	0	7	13
7	2.345	0	7	14
7	2.345	0	7	15
7	3.345	1	7	16
7	3.345	1	7	17
7	3.345	1	7	18
7	4.345	2	7	19
7	4.345	2	7	20
7	4.345	2	7	21
7	4.345	2	7	22
7	5.345	3	7	23
7	5.345	3	7	24
7	5.345	3	7	25
7	5.345	3	7	26
7	6.345	4	7	27
7	6.345	4	7	28
7	6.345	4	7	29
7	6.345	4	7	30
7	6.345	4	7	31
7	6.345	4	7	32
7	6.345	4	7	33
7	6.345	4	7	34
7	7.345	5	7	35
7	7.345	5	7	36
7	7.345	5	7	37
7	8.345	6	7	38
7	8.345	6	7	39
7	8.345	6	7	40
7	8.345	6	7	41
7	9.345	7	7	42
7	10.345	8	7	43
7	10.345	8	7	44
7	10.345	8	7	45
7	11.345	9	7	46
7	12.345	10	7	47
7	12.345	10	7	48
7	12.345	10	7	49
7	12.345	10	7	50
7	12.345	10	7	51
7	12.345	10	7	52
7	13.345	11	7	53
7	13.345	11	7	54
7	13.345	11	7	55
7	13.345	11	7	56
7	13.345	11	7	57
7	13.345	11	7	58
7	13.345	11	7	59
7	14.345	12	7	60
7	14.345	12	7	61
7	14.345	12	7	62
7	15.345	13	7	63
7	16.345	14	7	64
7	16.345	14	7	65
7	17.345	15	7	66
7	17.345	15	7	67
7	17.345	15	7	68
7	17.345	15	7	69
7	17.345	15	7	70
7	17.345	15	7	71
7	17.345	15	7	72
7	17.345	15	7	73
7	17.345	15	7	74
7	17.345	15	7	75
7	17.345	15	7	76
7	18.345	16	7	77
7	18.345	16	7	78
7	19.345	17	7	79
7	20.345	18	7	80
7	21.345	19	7	81
7	22.345	20	7	82
7	22.345	20	7	83
7	22.345	20	7	84
7	22.345	20	7	85
7	22.345	20	7	86
7	22.345	20	7	87
7	22.345	20	7	88
7	22.345	20	7	89
7	22.345	20	7	90
7	22.345	20	7	91
7	22.345	20	7	92
7	22.345	20	7	93
7	22.345	20	7	94
7	23.345	21	7	95
7	23.345	21	7	96
7	23.345	21	7	97
7	23.345	21	7	98
7	23.345	21	7	99
7	23.345	21	7	100
7	23.345	21	7	101
7	24.345	22	7	102
7	24.345	22	7	103
7	24.345	22	7	104
7	24.345	22	7	105
7	25.345	23	7	106
7	25.345	23	7	107
7	25.345	23	7	108
7	25.345	23	7	109
7	26.345	24	7	110
7	26.345	24	7	111
7	27.345	25	7	112
7	27.345	25	7	113
7	27.345	25	7	114
7	27.345	25	7	115
7	27.345	25	7	116
7	27.345	25	7	117
7	27.345	25	7	118
7	27.345	25	7	119
7	27.345	25	7	120
7	28.345	26	7	121
7	29.345	27	7	122
7	29.345	27	7	123
7	29.345	27	7	124
7	29.345	27	7	125
7	29.345	27	7	126
7	29.345	27	7	127
7	29.345	27	7	128
7	30.345	28	7	129
7	30.345	28	7	130
7	30.345	28	7	131
7	31.345	29	7	132
7	31.345	29	7	133
7	31.345	29	7	134
7	31.345	29	7	135
7	31.345	29	7	136
7	31.345	29	7	137
7	31.345	29	7	138
7	31.345	29	7	139
7	31.345	29	7	140
7	31.345	29	7	141
7	31.345	29	7	142
7	31.345	29	7	143
7	31.345	29	7	144
7	31.345	29	7	145
7	31.345	29	7	146
7	31.345	29	7	147
7	31.345	29	7	148
7	31.345	29	7	149
7	32.345	30	7	150
7	32.345	30	7	151
7	32.345	30	7	152
7	33.345	31	7	153
7	33.345	31	7	154
7	33.345	31	7	155
7	33.345	31	7	156
7	33.345	31	7	157
7	33.345	31	7	158
7	34.345	32	7	159
7	34.345	32	7	160
7	34.345	32	7	161
7	34.345	32	7	162
7	34.345	32	7	163
7	34.345	32	7	164
7	34.345	32	7	165
7	35.345	33	7	166
7	35.345	33	7	167
7	35.345	33	7	168
7	35.345	33	7	169
7	35.345	33	7	170
7	35.345	33	7	171
7	35.345	33	7	172
7	35.345	33	7	173
7	35.345	33	7	174
7	35.345	33	7	175
7	36.345	34	7	176
7	36.345	34	7	177
7	36.345	34	7	178
7	36.345	34	7	179
7	36.345	34	7	180
7	37.345	35	7	181
7	37.345	35	7	182
7	38.345	36	7	183
7	38.345	36	7	184
7	38.345	36	7	185
7	39.345	37	7	186
7	39.345	37	7	187
7	39.345	37	7	188
7	39.345	37	7	189
7	39.345	37	7	190
7	39.345	37	7	191
7	40.345	38	7	192
7	41.345	39	7	193
7	42.345	40	7	194
7	42.345	40	7	195
7	43.345	41	7	196
7	44.345	42	7	197
7	44.345	42	7	198
7	44.345	42	7	199
7	45.345	43	7	200
7	45.345	43	7	201
7	46.345	44	7	202
7	46.345	44	7	203
7	46.345	44	7	204
7	46.345	44	7	205
7	47.345	45	7	206
7	47.345	45	7	207
7	47.345	45	7	208
7	47.345	45	7	209
7	47.345	45	7	210
7	47.345	45	7	211
7	48.345	46	7	212
7	48.345	46	7	213
7	49.345	47	7	214
7	49.345	47	7	215
7	49.345	47	7	216
7	49.345	47	7	217
7	50.345	48	7	218
7	50.345	48	7	219
7	50.345	48	7	220
7	50.345	48	7	221
7	51.345	49	7	222
7	52.345	50	7	223
7	53.345	51	7	224
7	53.345	51	7	225
7	53.345	51	7	226
7	53.345	51	7	227
7	53.345	51	7	228
7	53.345	51	7	229
7	53.345	51	7	230
7	53.345	51	7	231
7	53.345	51	7	232
7	53.345	51	7	233
7	53.345	51	7	234
7	53.345	51	7	235
7	53.345	51	7	236
7	53.345	51	7	237
7	53.345	51	7	238
7	53.345	51	7	239
7	54.345	52	7	240
7	54.345	52	7	241
7	54.345	52	7	242
7	54.345	52	7	243
7	54.345	52	7	244
7	54.345	52	7	245
7	55.345	53	7	246
7	56.345	54	7	247
7	56.345	54	7	248
7	56.345	54	7	249
7	56.345	54	7	250
7	56.345	54	7	251
7	56.345	54	7	252
7	56.345	54	7	253
7	56.345	54	7	254
7	57.345	55	7	255
7	58.345	56	7	256
7	59.345	57	7	257
7	59.345	57	7	258
7	59.345	57	7	259
7	59.345	57	7	260
7	59.345	57	7	261
7	59.345	57	7	262
7	59.345	57	7	263
7	59.345	57	7	264
7	59.345	57	7	265
7	59.345	57	7	266
7	59.345	57	7	267
7	59.345	57	7	268
7	59.345	57	7	269
7	59.345	57	7	270
7	59.345	57	7	271
7	59.345	57	7	272
7	59.345	57	7	273
7	60.345	58	7	274
7	60.345	58	7	275
7	60.345	58	7	276
7	61.345	59	7	277
7	62.345	60	7	278
7	62.345	60	7	279
7	62.345	60	7	280
7	62.345	60	7	281
7	62.345	60	7	282
7	62.345	60	7	283
7	62.345	60	7	284
7	62.345	60	7	285
7	63.345	61	7	286
7	63.345	61	7	287
7	63.345	61	7	288
7	63.345	61	7	289
7	63.345	61	7	290
7	64.345	62	7	291
7	64.345	62	7	292
7	65.345	63	7	293
7	65.345	63	7	294
7	65.345	63	7	295
7	65.345	63	7	296
7	65.345	63	7	297
7	65.345	63	7	298
7	65.345	63	7	299
7	65.345	63	7	300
8	2.345	0	8	1
8	2.345	0	8	2
8	2.345	0	8	3
8	2.345	0	8	4
8	2.345	0	8	5
8	2.345	0	8	6
8	2.345	0	8	7
8	2.345	0	8	8
8	2.345	0	8	9
8	2.345	0	8	10
8	2.345	0	8	11
8	2.345	0	8	12
8	2.345	0	8	13
8	3.345	1	8	14
8	4.345	2	8	15
8	4.345	2	8	16
8	5.345	3	8	17
8	6.345	4	8	18
8	6.345	4	8	19
8	6.345	4	8	20
8	6.345	4	8	21
8	7.345	5	8	22
8	7.345	5	8	23
8	7.345	5	8	24
8	8.345	6	8	25
8	9.345	7	8	26
8	9.345	7	8	27
8	10.345	8	8	28
8	11.345	9	8	29
8	12.345	10	8	30
8	12.345	10	8	31
8	12.345	10	8	32
8	12.345	10	8	33
8	12.345	10	8	34
8	12.345	10	8	35
8	13.345	11	8	36
8	14.345	12	8	37
8	14.345	12	8	38
8	14.345	12	8	39
8	14.345	12	8	40
8	14.345	12	8	41
8	14.345	12	8	42
8	14.345	12	8	43
8	14.345	12	8	44
8	14.345	12	8	45
8	14.345	12	8	46
8	14.345	12	8	47
8	14.345	12	8	48
8	14.345	12	8	49
8	14.345	12	8	50
8	15.345	13	8	51
8	15.345	13	8	52
8	15.345	13	8	53
8	15.345	13	8	54
8	15.345	13	8	55
8	15.345	13	8	56
8	15.345	13	8	57
8	15.345	13	8	58
8	16.345	14	8	59
8	16.345	14	8	60
8	16.345	14	8	61
8	16.345	14	8	62
8	16.345	14	8	63
8	16.345	14	8	64
8	17.345	15	8	65
8	17.345	15	8	66
8	18.345	16	8	67
8	18.345	16	8	68
8	18.345	16	8	69
8	19.345	17	8	70
8	19.345	17	8	71
8	19.345	17	8	72
8	19.345	17	8	73
8	19.345	17	8	74
8	19.345	17	8	75
8	19.345	17	8	76
8	19.345	17	8	77
8	19.345	17	8	78
8	19.345	17	8	79
8	19.345	17	8	80
8	19.345	17	8	81
8	19.345	17	8	82
8	20.345	18	8	83
8	20.345	18	8	84
8	20.345	18	8	85
8	21.345	19	8	86
8	22.345	20	8	87
8	22.345	20	8	88
8	22.345	20	8	89
8	23.345	21	8	90
8	23.345	21	8	91
8	24.345	22	8	92
8	24.345	22	8	93
8	25.345	23	8	94
8	25.345	23	8	95
8	25.345	23	8	96
8	25.345	23	8	97
8	25.345	23	8	98
8	25.345	23	8	99
8	25.345	23	8	100
8	25.345	23	8	101
8	25.345	23	8	102
8	25.345	23	8	103
8	26.345	24	8	104
8	26.345	24	8	105
8	26.345	24	8	106
8	27.345	25	8	107
8	27.345	25	8	108
8	28.345	26	8	109
8	28.345	26	8	110
8	28.345	26	8	111
8	28.345	26	8	112
8	28.345	26	8	113
8	28.345	26	8	114
8	29.345	27	8	115
8	29.345	27	8	116
8	29.345	27	8	117
8	29.345	27	8	118
8	30.345	28	8	119
8	30.345	28	8	120
8	30.345	28	8	121
8	30.345	28	8	122
8	30.345	28	8	123
8	30.345	28	8	124
8	30.345	28	8	125
8	30.345	28	8	126
8	31.345	29	8	127
8	31.345	29	8	128
8	31.345	29	8	129
8	31.345	29	8	130
8	31.345	29	8	131
8	31.345	29	8	132
8	31.345	29	8	133
8	31.345	29	8	134
8	32.345	30	8	135
8	33.345	31	8	136
8	33.345	31	8	137
8	33.345	31	8	138
8	33.345	31	8	139
8	34.345	32	8	140
8	35.345	33	8	141
8	35.345	33	8	142
8	35.345	33	8	143
8	35.345	33	8	144
8	36.345	34	8	145
8	36.345	34	8	146
8	37.345	35	8	147
8	37.345	35	8	148
8	38.345	36	8	149
8	38.345	36	8	150
8	38.345	36	8	151
8	39.345	37	8	152
8	39.345	37	8	153
8	39.345	37	8	154
8	39.345	37	8	155
8	40.345	38	8	156
8	40.345	38	8	157
8	40.345	38	8	158
8	40.345	38	8	159
8	41.345	39	8	160
8	42.345	40	8	161
8	43.345	41	8	162
8	44.345	42	8	163
8	44.345	42	8	164
8	44.345	42	8	165
8	44.345	42	8	166
8	44.345	42	8	167
8	44.345	42	8	168
8	45.345	43	8	169
8	45.345	43	8	170
8	45.345	43	8	171
8	45.345	43	8	172
8	45.345	43	8	173
8	45.345	43	8	174
8	45.345	43	8	175
8	45.345	43	8	176
8	45.345	43	8	177
8	45.345	43	8	178
8	45.345	43	8	179
8	45.345	43	8	180
8	45.345	43	8	181
8	45.345	43	8	182
8	45.345	43	8	183
8	46.345	44	8	184
8	46.345	44	8	185
8	46.345	44	8	186
8	46.345	44	8	187
8	46.345	44	8	188
8	46.345	44	8	189
8	46.345	44	8	190
8	47.345	45	8	191
8	47.345	45	8	192
8	47.345	45	8	193
8	47.345	45	8	194
8	47.345	45	8	195
8	47.345	45	8	196
8	47.345	45	8	197
8	47.345	45	8	198
8	47.345	45	8	199
8	47.345	45	8	200
8	47.345	45	8	201
8	47.345	45	8	202
8	47.345	45	8	203
8	47.345	45	8	204
8	47.345	45	8	205
8	47.345	45	8	206
8	47.345	45	8	207
8	47.345	45	8	208
8	47.345	45	8	209
8	47.345	45	8	210
8	47.345	45	8	211
8	47.345	45	8	212
8	47.345	45	8	213
8	47.345	45	8	214
8	48.345	46	8	215
8	48.345	46	8	216
8	48.345	46	8	217
8	48.345	46	8	218
8	49.345	47	8	219
8	49.345	47	8	220
8	50.345	48	8	221
8	50.345	48	8	222
8	50.345	48	8	223
8	50.345	48	8	224
8	50.345	48	8	225
8	50.345	48	8	226
8	50.345	48	8	227
8	51.345	49	8	228
8	51.345	49	8	229
8	51.345	49	8	230
8	51.345	49	8	231
8	51.345	49	8	232
8	51.345	49	8	233
8	52.345	50	8	234
8	52.345	50	8	235
8	52.345	50	8	236
8	52.345	50	8	237
8	52.345	50	8	238
8	52.345	50	8	239
8	52.345	50	8	240
8	52.345	50	8	241
8	52.345	50	8	242
8	52.345	50	8	243
8	52.345	50	8	244
8	52.345	50	8	245
8	52.345	50	8	246
8	52.345	50	8	247
8	53.345	51	8	248
8	53.345	51	8	249
8	54.345	52	8	250
8	54.345	52	8	251
8	54.345	52	8	252
8	54.345	52	8	253
8	54.345	52	8	254
8	54.345	52	8	255
8	54.345	52	8	256
8	54.345	52	8	257
8	54.345	52	8	258
8	55.345	53	8	259
8	55.345	53	8	260
8	55.345	53	8	261
8	55.345	53	8	262
8	55.345	53	8	263
8	55.345	53	8	264
8	55.345	53	8	265
8	56.345	54	8	266
8	56.345	54	8	267
8	57.345	55	8	268
8	58.345	56	8	269
8	58.345	56	8	270
8	59.345	57	8	271
8	59.345	57	8	272
8	59.345	57	8	273
8	59.345	57	8	274
8	59.345	57	8	275
8	60.345	58	8	276
8	60.345	58	8	277
8	60.345	58	8	278
8	61.345	59	8	279
8	61.345	59	8	280
8	61.345	59	8	281
8	61.345	59	8	282
8	61.345	59	8	283
8	61.345	59	8	284
8	62.345	60	8	285
8	62.345	60	8	286
8	63.345	61	8	287
8	63.345	61	8	288
8	64.345	62	8	289
8	65.345	63	8	290
8	65.345	63	8	291
8	65.345	63	8	292
8	65.345	63	8	293
8	66.345	64	8	294
8	67.345	65	8	295
8	67.345	65	8	296
8	68.345	66	8	297
8	69.345	67	8	298
8	69.345	67	8	299
8	69.345	67	8	300
9	2.345	0	9	1
9	2.345	0	9	2
9	2.345	0	9	3
9	2.345	0	9	4
9	2.345	0	9	5
9	2.345	0	9	6
9	2.345	0	9	7
9	2.345	0	9	8
9	2.345	0	9	9
9	2.345	0	9	10
9	2.345	0	9	11
9	2.345	0	9	12
9	2.345	0	9	13
9	2.345	0	9	14
9	2.345	0	9	15
9	2.345	0	9	16
9	2.345	0	9	17
9	2.345	0	9	18
9	2.345	0	9	19
9	2.345	0	9	20
9	2.345	0	9	21
9	2.345	0	9	22
9	2.345	0	9	23
9	2.345	0	9	24
9	2.345	0	9	25
9	2.345	0	9	26
9	2.345	0	9	27
9	2.345	0	9	28
9	2.345	0	9	29
9	2.345	0	9	30
9	3.345	1	9	31
9	4.345	2	9	32
9	4.345	2	9	33
9	4.345	2	9	34
9	4.345	2	9	35
9	4.345	2	9	36
9	4.345	2	9	37
9	4.345	2	9	38
9	4.345	2	9	39
9	5.345	3	9	40
9	5.345	3	9	41
9	5.345	3	9	42
9	5.345	3	9	43
9	5.345	3	9	44
9	6.345	4	9	45
9	6.345	4	9	46
9	6.345	4	9	47
9	6.345	4	9	48
9	7.345	5	9	49
9	7.345	5	9	50
9	7.345	5	9	51
9	7.345	5	9	52
9	7.345	5	9	53
9	8.345	6	9	54
9	8.345	6	9	55
9	8.345	6	9	56
9	8.345	6	9	57
9	9.345	7	9	58
9	9.345	7	9	59
9	9.345	7	9	60
9	9.345	7	9	61
9	10.345	8	9	62
9	10.345	8	9	63
9	10.345	8	9	64
9	10.345	8	9	65
9	10.345	8	9	66
9	10.345	8	9	67
9	10.345	8	9	68
9	10.345	8	9	69
9	10.345	8	9	70
9	10.345	8	9	71
9	10.345	8	9	72
9	10.345	8	9	73
9	10.345	8	9	74
9	11.345	9	9	75
9	11.345	9	9	76
9	11.345	9	9	77
9	12.345	10	9	78
9	12.345	10	9	79
9	12.345	10	9	80
9	12.345	10	9	81
9	12.345	10	9	82
9	12.345	10	9	83
9	12.345	10	9	84
9	13.345	11	9	85
9	13.345	11	9	86
9	13.345	11	9	87
9	13.345	11	9	88
9	13.345	11	9	89
9	13.345	11	9	90
9	13.345	11	9	91
9	13.345	11	9	92
9	13.345	11	9	93
9	13.345	11	9	94
9	13.345	11	9	95
9	13.345	11	9	96
9	13.345	11	9	97
9	13.345	11	9	98
9	13.345	11	9	99
9	13.345	11	9	100
9	14.345	12	9	101
9	14.345	12	9	102
9	14.345	12	9	103
9	14.345	12	9	104
9	14.345	12	9	105
9	14.345	12	9	106
9	14.345	12	9	107
9	14.345	12	9	108
9	14.345	12	9	109
9	14.345	12	9	110
9	14.345	12	9	111
9	14.345	12	9	112
9	14.345	12	9	113
9	15.345	13	9	114
9	15.345	13	9	115
9	15.345	13	9	116
9	15.345	13	9	117
9	15.345	13	9	118
9	15.345	13	9	119
9	15.345	13	9	120
9	15.345	13	9	121
9	15.345	13	9	122
9	15.345	13	9	123
9	15.345	13	9	124
9	15.345	13	9	125
9	15.345	13	9	126
9	15.345	13	9	127
9	15.345	13	9	128
9	15.345	13	9	129
9	16.345	14	9	130
9	16.345	14	9	131
9	16.345	14	9	132
9	16.345	14	9	133
9	16.345	14	9	134
9	16.345	14	9	135
9	16.345	14	9	136
9	16.345	14	9	137
9	16.345	14	9	138
9	16.345	14	9	139
9	16.345	14	9	140
9	16.345	14	9	141
9	17.345	15	9	142
9	18.345	16	9	143
9	19.345	17	9	144
9	19.345	17	9	145
9	19.345	17	9	146
9	19.345	17	9	147
9	19.345	17	9	148
9	19.345	17	9	149
9	19.345	17	9	150
9	20.345	18	9	151
9	20.345	18	9	152
9	20.345	18	9	153
9	20.345	18	9	154
9	20.345	18	9	155
9	20.345	18	9	156
9	21.345	19	9	157
9	21.345	19	9	158
9	21.345	19	9	159
9	21.345	19	9	160
9	21.345	19	9	161
9	21.345	19	9	162
9	21.345	19	9	163
9	21.345	19	9	164
9	21.345	19	9	165
9	21.345	19	9	166
9	21.345	19	9	167
9	21.345	19	9	168
9	21.345	19	9	169
9	21.345	19	9	170
9	21.345	19	9	171
9	21.345	19	9	172
9	21.345	19	9	173
9	21.345	19	9	174
9	21.345	19	9	175
9	21.345	19	9	176
9	21.345	19	9	177
9	21.345	19	9	178
9	21.345	19	9	179
9	21.345	19	9	180
9	21.345	19	9	181
9	22.345	20	9	182
9	22.345	20	9	183
9	22.345	20	9	184
9	23.345	21	9	185
9	23.345	21	9	186
9	23.345	21	9	187
9	24.345	22	9	188
9	24.345	22	9	189
9	25.345	23	9	190
9	25.345	23	9	191
9	25.345	23	9	192
9	25.345	23	9	193
9	25.345	23	9	194
9	25.345	23	9	195
9	25.345	23	9	196
9	25.345	23	9	197
9	26.345	24	9	198
9	26.345	24	9	199
9	26.345	24	9	200
9	26.345	24	9	201
9	26.345	24	9	202
9	26.345	24	9	203
9	26.345	24	9	204
9	26.345	24	9	205
9	26.345	24	9	206
9	26.345	24	9	207
9	26.345	24	9	208
9	27.345	25	9	209
9	28.345	26	9	210
9	29.345	27	9	211
9	29.345	27	9	212
9	29.345	27	9	213
9	29.345	27	9	214
9	29.345	27	9	215
9	29.345	27	9	216
9	29.345	27	9	217
9	29.345	27	9	218
9	29.345	27	9	219
9	29.345	27	9	220
9	29.345	27	9	221
9	29.345	27	9	222
9	29.345	27	9	223
9	29.345	27	9	224
9	29.345	27	9	225
9	30.345	28	9	226
9	30.345	28	9	227
9	30.345	28	9	228
9	30.345	28	9	229
9	30.345	28	9	230
9	31.345	29	9	231
9	32.345	30	9	232
9	32.345	30	9	233
9	32.345	30	9	234
9	32.345	30	9	235
9	32.345	30	9	236
9	32.345	30	9	237
9	32.345	30	9	238
9	32.345	30	9	239
9	32.345	30	9	240
9	32.345	30	9	241
9	32.345	30	9	242
9	32.345	30	9	243
9	32.345	30	9	244
9	32.345	30	9	245
9	32.345	30	9	246
9	32.345	30	9	247
9	32.345	30	9	248
9	33.345	31	9	249
9	33.345	31	9	250
9	34.345	32	9	251
9	34.345	32	9	252
9	34.345	32	9	253
9	34.345	32	9	254
9	34.345	32	9	255
9	34.345	32	9	256
9	34.345	32	9	257
9	34.345	32	9	258
9	34.345	32	9	259
9	34.345	32	9	260
9	34.345	32	9	261
9	34.345	32	9	262
9	35.345	33	9	263
9	35.345	33	9	264
9	36.345	34	9	265
9	36.345	34	9	266
9	36.345	34	9	267
9	36.345	34	9	268
9	36.345	34	9	269
9	36.345	34	9	270
9	36.345	34	9	271
9	36.345	34	9	272
9	36.345	34	9	273
9	36.345	34	9	274
9	36.345	34	9	275
9	36.345	34	9	276
9	36.345	34	9	277
9	36.345	34	9	278
9	36.345	34	9	279
9	36.345	34	9	280
9	36.345	34	9	281
9	36.345	34	9	282
9	37.345	35	9	283
9	37.345	35	9	284
9	37.345	35	9	285
9	37.345	35	9	286
9	37.345	35	9	287
9	37.345	35	9	288
9	37.345	35	9	289
9	37.345	35	9	290
9	37.345	35	9	291
9	37.345	35	9	292
9	37.345	35	9	293
9	37.345	35	9	294
9	37.345	35	9	295
9	37.345	35	9	296
9	37.345	35	9	297
9	37.345	35	9	298
9	37.345	35	9	299
9	37.345	35	9	300
10	2.345	0	10	1
10	2.345	0	10	2
10	2.345	0	10	3
10	2.345	0	10	4
10	2.345	0	10	5
10	2.345	0	10	6
10	2.345	0	10	7
10	2.345	0	10	8
10	2.345	0	10	9
10	2.345	0	10	10
10	2.345	0	10	11
10	2.345	0	10	12
10	2.345	0	10	13
10	2.345	0	10	14
10	2.345	0	10	15
10	2.345	0	10	16
10	2.345	0	10	17
10	2.345	0	10	18
10	2.345	0	10	19
10	2.345	0	10	20
10	2.345	0	10	21
10	2.345	0	10	22
10	2.345	0	10	23
10	2.345	0	10	24
10	2.345	0	10	25
10	2.345	0	10	26
10	2.345	0	10	27
10	2.345	0	10	28
10	2.345	0	10	29
10	2.345	0	10	30
10	2.345	0	10	31
10	2.345	0	10	32
10	2.345	0	10	33
10	2.345	0	10	34
10	2.345	0	10	35
10	2.345	0	10	36
10	2.345	0	10	37
10	2.345	0	10	38
10	3.345	1	10	39
10	3.345	1	10	40
10	4.345	2	10	41
10	4.345	2	10	42
10	4.345	2	10	43
10	5.345	3	10	44
10	5.345	3	10	45
10	5.345	3	10	46
10	5.345	3	10	47
10	5.345	3	10	48
10	5.345	3	10	49
10	5.345	3	10	50
10	5.345	3	10	51
10	5.345	3	10	52
10	5.345	3	10	53
10	5.345	3	10	54
10	5.345	3	10	55
10	5.345	3	10	56
10	5.345	3	10	57
10	5.345	3	10	58
10	5.345	3	10	59
10	5.345	3	10	60
10	5.345	3	10	61
10	5.345	3	10	62
10	5.345	3	10	63
10	5.345	3	10	64
10	5.345	3	10	65
10	5.345	3	10	66
10	5.345	3	10	67
10	5.345	3	10	68
10	5.345	3	10	69
10	5.345	3	10	70
10	6.345	4	10	71
10	6.345	4	10	72
10	7.345	5	10	73
10	7.345	5	10	74
10	7.345	5	10	75
10	7.345	5	10	76
10	7.345	5	10	77
10	7.345	5	10	78
10	7.345	5	10	79
10	7.345	5	10	80
10	7.345	5	10	81
10	7.345	5	10	82
10	7.345	5	10	83
10	8.345	6	10	84
10	8.345	6	10	85
10	8.345	6	10	86
10	8.345	6	10	87
10	8.345	6	10	88
10	9.345	7	10	89
10	9.345	7	10	90
10	9.345	7	10	91
10	9.345	7	10	92
10	10.345	8	10	93
10	10.345	8	10	94
10	10.345	8	10	95
10	10.345	8	10	96
10	11.345	9	10	97
10	11.345	9	10	98
10	11.345	9	10	99
10	11.345	9	10	100
10	11.345	9	10	101
10	11.345	9	10	102
10	12.345	10	10	103
10	12.345	10	10	104
10	12.345	10	10	105
10	12.345	10	10	106
10	12.345	10	10	107
10	12.345	10	10	108
10	12.345	10	10	109
10	12.345	10	10	110
10	12.345	10	10	111
10	12.345	10	10	112
10	13.345	11	10	113
10	13.345	11	10	114
10	13.345	11	10	115
10	13.345	11	10	116
10	13.345	11	10	117
10	13.345	11	10	118
10	13.345	11	10	119
10	13.345	11	10	120
10	13.345	11	10	121
10	13.345	11	10	122
10	14.345	12	10	123
10	14.345	12	10	124
10	14.345	12	10	125
10	14.345	12	10	126
10	14.345	12	10	127
10	14.345	12	10	128
10	14.345	12	10	129
10	14.345	12	10	130
10	14.345	12	10	131
10	14.345	12	10	132
10	14.345	12	10	133
10	14.345	12	10	134
10	14.345	12	10	135
10	14.345	12	10	136
10	14.345	12	10	137
10	14.345	12	10	138
10	14.345	12	10	139
10	14.345	12	10	140
10	14.345	12	10	141
10	14.345	12	10	142
10	14.345	12	10	143
10	14.345	12	10	144
10	14.345	12	10	145
10	14.345	12	10	146
10	14.345	12	10	147
10	14.345	12	10	148
10	14.345	12	10	149
10	14.345	12	10	150
10	14.345	12	10	151
10	14.345	12	10	152
10	14.345	12	10	153
10	14.345	12	10	154
10	14.345	12	10	155
10	14.345	12	10	156
10	14.345	12	10	157
10	14.345	12	10	158
10	14.345	12	10	159
10	14.345	12	10	160
10	14.345	12	10	161
10	14.345	12	10	162
10	14.345	12	10	163
10	14.345	12	10	164
10	14.345	12	10	165
10	14.345	12	10	166
10	14.345	12	10	167
10	14.345	12	10	168
10	14.345	12	10	169
10	14.345	12	10	170
10	14.345	12	10	171
10	14.345	12	10	172
10	14.345	12	10	173
10	14.345	12	10	174
10	14.345	12	10	175
10	14.345	12	10	176
10	14.345	12	10	177
10	14.345	12	10	178
10	14.345	12	10	179
10	14.345	12	10	180
10	14.345	12	10	181
10	14.345	12	10	182
10	14.345	12	10	183
10	14.345	12	10	184
10	14.345	12	10	185
10	14.345	12	10	186
10	14.345	12	10	187
10	14.345	12	10	188
10	15.345	13	10	189
10	15.345	13	10	190
10	15.345	13	10	191
10	15.345	13	10	192
10	15.345	13	10	193
10	15.345	13	10	194
10	15.345	13	10	195
10	15.345	13	10	196
10	15.345	13	10	197
10	15.345	13	10	198
10	16.345	14	10	199
10	16.345	14	10	200
10	17.345	15	10	201
10	17.345	15	10	202
10	17.345	15	10	203
10	17.345	15	10	204
10	17.345	15	10	205
10	17.345	15	10	206
10	17.345	15	10	207
10	17.345	15	10	208
10	17.345	15	10	209
10	17.345	15	10	210
10	17.345	15	10	211
10	17.345	15	10	212
10	17.345	15	10	213
10	17.345	15	10	214
10	17.345	15	10	215
10	17.345	15	10	216
10	17.345	15	10	217
10	17.345	15	10	218
10	17.345	15	10	219
10	17.345	15	10	220
10	17.345	15	10	221
10	17.345	15	10	222
10	17.345	15	10	223
10	17.345	15	10	224
10	18.345	16	10	225
10	18.345	16	10	226
10	18.345	16	10	227
10	18.345	16	10	228
10	18.345	16	10	229
10	19.345	17	10	230
10	19.345	17	10	231
10	19.345	17	10	232
10	19.345	17	10	233
10	19.345	17	10	234
10	20.345	18	10	235
10	20.345	18	10	236
10	20.345	18	10	237
10	20.345	18	10	238
10	20.345	18	10	239
10	20.345	18	10	240
10	20.345	18	10	241
10	20.345	18	10	242
10	20.345	18	10	243
10	20.345	18	10	244
10	20.345	18	10	245
10	20.345	18	10	246
10	20.345	18	10	247
10	20.345	18	10	248
10	20.345	18	10	249
10	20.345	18	10	250
10	20.345	18	10	251
10	20.345	18	10	252
10	20.345	18	10	253
10	20.345	18	10	254
10	20.345	18	10	255
10	20.345	18	10	256
10	20.345	18	10	257
10	20.345	18	10	258
10	20.345	18	10	259
10	20.345	18	10	260
10	20.345	18	10	261
10	20.345	18	10	262
10	20.345	18	10	263
10	20.345	18	10	264
10	20.345	18	10	265
10	20.345	18	10	266
10	20.345	18	10	267
10	20.345	18	10	268
10	20.345	18	10	269
10	20.345	18	10	270
10	20.345	18	10	271
10	20.345	18	10	272
10	20.345	18	10	273
10	20.345	18	10	274
10	20.345	18	10	275
10	20.345	18	10	276
10	20.345	18	10	277
10	20.345	18	10	278
10	20.345	18	10	279
10	20.345	18	10	280
10	20.345	18	10	281
10	20.345	18	10	282
10	20.345	18	10	283
10	20.345	18	10	284
10	20.345	18	10	285
10	20.345	18	10	286
10	20.345	18	10	287
10	20.345	18	10	288
10	20.345	18	10	289
10	20.345	18	10	290
10	20.345	18	10	291
10	20.345	18	10	292
10	20.345	18	10	293
10	20.345	18	10	294
10	20.345	18	10	295
10	20.345	18	10	296
10	20.345	18	10	297
10	20.345	18	10	298
10	20.345	18	10	299
10	20.345	18	10	300
11	2.345	0	11	1
11	2.345	0	11	2
11	2.345	0	11	3
11	2.345	0	11	4
11	2.345	0	11	5
11	2.345	0	11	6
11	2.345	0	11	7
11	2.345	0	11	8
11	2.345	0	11	9
11	2.345	0	11	10
11	2.345	0	11	11
11	2.345	0	11	12
11	2.345	0	11	13
11	2.345	0	11	14
11	2.345	0	11	15
11	2.345	0	11	16
11	2.345	0	11	17
11	2.345	0	11	18
11	2.345	0	11	19
11	2.345	0	11	20
11	2.345	0	11	21
11	2.345	0	11	22
11	2.345	0	11	23
11	2.345	0	11	24
11	2.345	0	11	25
11	2.345	0	11	26
11	2.345	0	11	27
11	2.345	0	11	28
11	2.345	0	11	29
11	2.345	0	11	30
11	2.345	0	11	31
11	2.345	0	11	32
11	2.345	0	11	33
11	2.345	0	11	34
11	2.345	0	11	35
11	2.345	0	11	36
11	2.345	0	11	37
11	2.345	0	11	38
11	2.345	0	11	39
11	2.345	0	11	40
11	2.345	0	11	41
11	2.345	0	11	42
11	2.345	0	11	43
11	2.345	0	11	44
11	2.345	0	11	45
11	2.345	0	11	46
11	2.345	0	11	47
11	2.345	0	11	48
11	2.345	0	11	49
11	2.345	0	11	50
11	2.345	0	11	51
11	2.345	0	11	52
11	2.345	0	11	53
11	2.345	0	11	54
11	3.345	1	11	55
11	3.345	1	11	56
11	4.345	2	11	57
11	4.345	2	11	58
11	4.345	2	11	59
11	4.345	2	11	60
11	5.345	3	11	61
11	5.345	3	11	62
11	5.345	3	11	63
11	5.345	3	11	64
11	5.345	3	11	65
11	5.345	3	11	66
11	5.345	3	11	67
11	5.345	3	11	68
11	5.345	3	11	69
11	5.345	3	11	70
11	5.345	3	11	71
11	5.345	3	11	72
11	5.345	3	11	73
11	5.345	3	11	74
11	5.345	3	11	75
11	5.345	3	11	76
11	5.345	3	11	77
11	5.345	3	11	78
11	5.345	3	11	79
11	5.345	3	11	80
11	5.345	3	11	81
11	5.345	3	11	82
11	5.345	3	11	83
11	5.345	3	11	84
11	5.345	3	11	85
11	5.345	3	11	86
11	5.345	3	11	87
11	5.345	3	11	88
11	5.345	3	11	89
11	5.345	3	11	90
11	5.345	3	11	91
11	5.345	3	11	92
11	5.345	3	11	93
11	5.345	3	11	94
11	5.345	3	11	95
11	5.345	3	11	96
11	5.345	3	11	97
11	5.345	3	11	98
11	5.345	3	11	99
11	5.345	3	11	100
11	5.345	3	11	101
11	5.345	3	11	102
11	5.345	3	11	103
11	5.345	3	11	104
11	5.345	3	11	105
11	5.345	3	11	106
11	5.345	3	11	107
11	5.345	3	11	108
11	5.345	3	11	109
11	5.345	3	11	110
11	6.345	4	11	111
11	6.345	4	11	112
11	6.345	4	11	113
11	6.345	4	11	114
11	6.345	4	11	115
11	6.345	4	11	116
11	6.345	4	11	117
11	6.345	4	11	118
11	6.345	4	11	119
11	6.345	4	11	120
11	6.345	4	11	121
11	6.345	4	11	122
11	6.345	4	11	123
11	6.345	4	11	124
11	6.345	4	11	125
11	6.345	4	11	126
11	6.345	4	11	127
11	6.345	4	11	128
11	6.345	4	11	129
11	6.345	4	11	130
11	6.345	4	11	131
11	6.345	4	11	132
11	6.345	4	11	133
11	6.345	4	11	134
11	6.345	4	11	135
11	6.345	4	11	136
11	6.345	4	11	137
11	6.345	4	11	138
11	6.345	4	11	139
11	6.345	4	11	140
11	6.345	4	11	141
11	6.345	4	11	142
11	6.345	4	11	143
11	6.345	4	11	144
11	6.345	4	11	145
11	6.345	4	11	146
11	6.345	4	11	147
11	6.345	4	11	148
11	6.345	4	11	149
11	6.345	4	11	150
11	6.345	4	11	151
11	6.345	4	11	152
11	6.345	4	11	153
11	6.345	4	11	154
11	6.345	4	11	155
11	6.345	4	11	156
11	6.345	4	11	157
11	6.345	4	11	158
11	6.345	4	11	159
11	6.345	4	11	160
11	6.345	4	11	161
11	6.345	4	11	162
11	6.345	4	11	163
11	6.345	4	11	164
11	6.345	4	11	165
11	6.345	4	11	166
11	6.345	4	11	167
11	6.345	4	11	168
11	6.345	4	11	169
11	7.345	5	11	170
11	7.345	5	11	171
11	7.345	5	11	172
11	7.345	5	11	173
11	7.345	5	11	174
11	7.345	5	11	175
11	7.345	5	11	176
11	7.345	5	11	177
11	8.345	6	11	178
11	8.345	6	11	179
11	8.345	6	11	180
11	8.345	6	11	181
11	8.345	6	11	182
11	8.345	6	11	183
11	8.345	6	11	184
11	8.345	6	11	185
11	8.345	6	11	186
11	8.345	6	11	187
11	8.345	6	11	188
11	8.345	6	11	189
11	8.345	6	11	190
11	8.345	6	11	191
11	8.345	6	11	192
11	8.345	6	11	193
11	8.345	6	11	194
11	8.345	6	11	195
11	8.345	6	11	196
11	8.345	6	11	197
11	8.345	6	11	198
11	8.345	6	11	199
11	8.345	6	11	200
11	8.345	6	11	201
11	8.345	6	11	202
11	8.345	6	11	203
11	8.345	6	11	204
11	8.345	6	11	205
11	8.345	6	11	206
11	8.345	6	11	207
11	9.345	7	11	208
11	9.345	7	11	209
11	9.345	7	11	210
11	9.345	7	11	211
11	9.345	7	11	212
11	9.345	7	11	213
11	9.345	7	11	214
11	9.345	7	11	215
11	9.345	7	11	216
11	9.345	7	11	217
11	9.345	7	11	218
11	9.345	7	11	219
11	10.345	8	11	220
11	10.345	8	11	221
11	10.345	8	11	222
11	10.345	8	11	223
11	10.345	8	11	224
11	10.345	8	11	225
11	10.345	8	11	226
11	10.345	8	11	227
11	10.345	8	11	228
11	10.345	8	11	229
11	10.345	8	11	230
11	10.345	8	11	231
11	10.345	8	11	232
11	10.345	8	11	233
11	10.345	8	11	234
11	10.345	8	11	235
11	10.345	8	11	236
11	10.345	8	11	237
11	10.345	8	11	238
11	10.345	8	11	239
11	10.345	8	11	240
11	10.345	8	11	241
11	10.345	8	11	242
11	10.345	8	11	243
11	10.345	8	11	244
11	10.345	8	11	245
11	10.345	8	11	246
11	10.345	8	11	247
11	10.345	8	11	248
11	10.345	8	11	249
11	10.345	8	11	250
11	10.345	8	11	251
11	10.345	8	11	252
11	10.345	8	11	253
11	10.345	8	11	254
11	10.345	8	11	255
11	10.345	8	11	256
11	10.345	8	11	257
11	10.345	8	11	258
11	10.345	8	11	259
11	10.345	8	11	260
11	10.345	8	11	261
11	10.345	8	11	262
11	10.345	8	11	263
11	11.345	9	11	264
11	11.345	9	11	265
11	11.345	9	11	266
11	11.345	9	11	267
11	11.345	9	11	268
11	11.345	9	11	269
11	11.345	9	11	270
11	11.345	9	11	271
11	11.345	9	11	272
11	11.345	9	11	273
11	11.345	9	11	274
11	11.345	9	11	275
11	11.345	9	11	276
11	11.345	9	11	277
11	11.345	9	11	278
11	11.345	9	11	279
11	11.345	9	11	280
11	11.345	9	11	281
11	11.345	9	11	282
11	11.345	9	11	283
11	11.345	9	11	284
11	11.345	9	11	285
11	11.345	9	11	286
11	11.345	9	11	287
11	11.345	9	11	288
11	11.345	9	11	289
11	11.345	9	11	290
11	11.345	9	11	291
11	11.345	9	11	292
11	11.345	9	11	293
11	11.345	9	11	294
11	11.345	9	11	295
11	11.345	9	11	296
11	11.345	9	11	297
11	11.345	9	11	298
11	11.345	9	11	299
11	11.345	9	11	300
12	2.345	0	12	1
12	2.345	0	12	2
12	2.345	0	12	3
12	2.345	0	12	4
12	2.345	0	12	5
12	2.345	0	12	6
12	2.345	0	12	7
12	2.345	0	12	8
12	2.345	0	12	9
12	2.345	0	12	10
12	2.345	0	12	11
12	2.345	0	12	12
12	2.345	0	12	13
12	2.345	0	12	14
12	2.345	0	12	15
12	2.345	0	12	16
12	2.345	0	12	17
12	2.345	0	12	18
12	2.345	0	12	19
12	2.345	0	12	20
12	2.345	0	12	21
12	2.345	0	12	22
12	2.345	0	12	23
12	2.345	0	12	24
12	2.345	0	12	25
12	2.345	0	12	26
12	2.345	0	12	27
12	2.345	0	12	28
12	2.345	0	12	29
12	2.345	0	12	30
12	2.345	0	12	31
12	2.345	0	12	32
12	2.345	0	12	33
12	2.345	0	12	34
12	2.345	0	12	35
12	2.345	0	12	36
12	2.345	0	12	37
12	2.345	0	12	38
12	2.345	0	12	39
12	2.345	0	12	40
12	2.345	0	12	41
12	2.345	0	12	42
12	2.345	0	12	43
12	2.345	0	12	44
12	2.345	0	12	45
12	2.345	0	12	46
12	2.345	0	12	47
12	2.345	0	12	48
12	2.345	0	12	49
12	2.345	0	12	50
12	2.345	0	12	51
12	2.345	0	12	52
12	2.345	0	12	53
12	2.345	0	12	54
12	2.345	0	12	55
12	2.345	0	12	56
12	2.345	0	12	57
12	2.345	0	12	58
12	2.345	0	12	59
12	2.345	0	12	60
12	2.345	0	12	61
12	2.345	0	12	62
12	2.345	0	12	63
12	2.345	0	12	64
12	2.345	0	12	65
12	2.345	0	12	66
12	2.345	0	12	67
12	2.345	0	12	68
12	2.345	0	12	69
12	2.345	0	12	70
12	2.345	0	12	71
12	2.345	0	12	72
12	2.345	0	12	73
12	2.345	0	12	74
12	2.345	0	12	75
12	3.345	1	12	76
12	3.345	1	12	77
12	3.345	1	12	78
12	3.345	1	12	79
12	3.345	1	12	80
12	3.345	1	12	81
12	3.345	1	12	82
12	3.345	1	12	83
12	3.345	1	12	84
12	3.345	1	12	85
12	3.345	1	12	86
12	3.345	1	12	87
12	3.345	1	12	88
12	3.345	1	12	89
12	3.345	1	12	90
12	3.345	1	12	91
12	3.345	1	12	92
12	3.345	1	12	93
12	3.345	1	12	94
12	3.345	1	12	95
12	3.345	1	12	96
12	3.345	1	12	97
12	3.345	1	12	98
12	3.345	1	12	99
12	3.345	1	12	100
12	3.345	1	12	101
12	3.345	1	12	102
12	3.345	1	12	103
12	3.345	1	12	104
12	3.345	1	12	105
12	3.345	1	12	106
12	3.345	1	12	107
12	3.345	1	12	108
12	3.345	1	12	109
12	3.345	1	12	110
12	3.345	1	12	111
12	3.345	1	12	112
12	3.345	1	12	113
12	3.345	1	12	114
12	3.345	1	12	115
12	3.345	1	12	116
12	3.345	1	12	117
12	3.345	1	12	118
12	3.345	1	12	119
12	3.345	1	12	120
12	3.345	1	12	121
12	3.345	1	12	122
12	3.345	1	12	123
12	3.345	1	12	124
12	3.345	1	12	125
12	3.345	1	12	126
12	3.345	1	12	127
12	3.345	1	12	128
12	3.345	1	12	129
12	3.345	1	12	130
12	3.345	1	12	131
12	3.345	1	12	132
12	3.345	1	12	133
12	3.345	1	12	134
12	3.345	1	12	135
12	3.345	1	12	136
12	4.345	2	12	137
12	4.345	2	12	138
12	4.345	2	12	139
12	4.345	2	12	140
12	4.345	2	12	141
12	4.345	2	12	142
12	4.345	2	12	143
12	4.345	2	12	144
12	4.345	2	12	145
12	4.345	2	12	146
12	4.345	2	12	147
12	4.345	2	12	148
12	4.345	2	12	149
12	4.345	2	12	150
12	4.345	2	12	151
12	4.345	2	12	152
12	4.345	2	12	153
12	4.345	2	12	154
12	4.345	2	12	155
12	4.345	2	12	156
12	4.345	2	12	157
12	4.345	2	12	158
12	4.345	2	12	159
12	4.345	2	12	160
12	4.345	2	12	161
12	4.345	2	12	162
12	4.345	2	12	163
12	4.345	2	12	164
12	5.345	3	12	165
12	5.345	3	12	166
12	5.345	3	12	167
12	5.345	3	12	168
12	5.345	3	12	169
12	5.345	3	12	170
12	5.345	3	12	171
12	5.345	3	12	172
12	5.345	3	12	173
12	5.345	3	12	174
12	5.345	3	12	175
12	5.345	3	12	176
12	5.345	3	12	177
12	5.345	3	12	178
12	5.345	3	12	179
12	5.345	3	12	180
12	5.345	3	12	181
12	5.345	3	12	182
12	5.345	3	12	183
12	5.345	3	12	184
12	5.345	3	12	185
12	5.345	3	12	186
12	5.345	3	12	187
12	5.345	3	12	188
12	5.345	3	12	189
12	5.345	3	12	190
12	5.345	3	12	191
12	5.345	3	12	192
12	5.345	3	12	193
12	5.345	3	12	194
12	5.345	3	12	195
12	5.345	3	12	196
12	5.345	3	12	197
12	5.345	3	12	198
12	5.345	3	12	199
12	5.345	3	12	200
12	5.345	3	12	201
12	5.345	3	12	202
12	5.345	3	12	203
12	5.345	3	12	204
12	5.345	3	12	205
12	5.345	3	12	206
12	5.345	3	12	207
12	5.345	3	12	208
12	5.345	3	12	209
12	5.345	3	12	210
12	5.345	3	12	211
12	5.345	3	12	212
12	5.345	3	12	213
12	5.345	3	12	214
12	5.345	3	12	215
12	5.345	3	12	216
12	5.345	3	12	217
12	5.345	3	12	218
12	5.345	3	12	219
12	5.345	3	12	220
12	5.345	3	12	221
12	5.345	3	12	222
12	5.345	3	12	223
12	5.345	3	12	224
12	5.345	3	12	225
12	5.345	3	12	226
12	5.345	3	12	227
12	5.345	3	12	228
12	5.345	3	12	229
12	5.345	3	12	230
12	5.345	3	12	231
12	5.345	3	12	232
12	5.345	3	12	233
12	5.345	3	12	234
12	5.345	3	12	235
12	5.345	3	12	236
12	5.345	3	12	237
12	5.345	3	12	238
12	5.345	3	12	239
12	5.345	3	12	240
12	5.345	3	12	241
12	5.345	3	12	242
12	5.345	3	12	243
12	5.345	3	12	244
12	5.345	3	12	245
12	5.345	3	12	246
12	5.345	3	12	247
12	5.345	3	12	248
12	5.345	3	12	249
12	5.345	3	12	250
12	5.345	3	12	251
12	6.345	4	12	252
12	7.345	5	12	253
12	7.345	5	12	254
12	7.345	5	12	255
12	7.345	5	12	256
12	7.345	5	12	257
12	7.345	5	12	258
12	7.345	5	12	259
12	7.345	5	12	260
12	7.345	5	12	261
12	7.345	5	12	262
12	7.345	5	12	263
12	7.345	5	12	264
12	7.345	5	12	265
12	7.345	5	12	266
12	7.345	5	12	267
12	7.345	5	12	268
12	7.345	5	12	269
12	7.345	5	12	270
12	7.345	5	12	271
12	7.345	5	12	272
12	7.345	5	12	273
12	7.345	5	12	274
12	7.345	5	12	275
12	7.345	5	12	276
12	7.345	5	12	277
12	7.345	5	12	278
12	7.345	5	12	279
12	7.345	5	12	280
12	7.345	5	12	281
12	7.345	5	12	282
12	7.345	5	12	283
12	7.345	5	12	284
12	7.345	5	12	285
12	7.345	5	12	286
12	7.345	5	12	287
12	8.345	6	12	288
12	8.345	6	12	289
12	8.345	6	12	290
12	8.345	6	12	291
12	8.345	6	12	292
12	8.345	6	12	293
12	8.345	6	12	294
12	8.345	6	12	295
12	8.345	6	12	296
12	8.345	6	12	297
12	8.345	6	12	298
12	8.345	6	12	299
12	8.345	6	12	300
13	2.345	0	13	1
13	2.345	0	13	2
13	2.345	0	13	3
13	2.345	0	13	4
13	2.345	0	13	5
13	2.345	0	13	6
13	2.345	0	13	7
13	2.345	0	13	8
13	2.345	0	13	9
13	2.345	0	13	10
13	2.345	0	13	11
13	2.345	0	13	12
13	2.345	0	13	13
13	2.345	0	13	14
13	2.345	0	13	15
13	2.345	0	13	16
13	2.345	0	13	17
13	2.345	0	13	18
13	2.345	0	13	19
13	2.345	0	13	20
13	2.345	0	13	21
13	2.345	0	13	22
13	2.345	0	13	23
13	2.345	0	13	24
13	2.345	0	13	25
13	2.345	0	13	26
13	2.345	0	13	27
13	2.345	0	13	28
13	2.345	0	13	29
13	2.345	0	13	30
13	2.345	0	13	31
13	2.345	0	13	32
13	2.345	0	13	33
13	2.345	0	13	34
13	2.345	0	13	35
13	2.345	0	13	36
13	2.345	0	13	37
13	2.345	0	13	38
13	2.345	0	13	39
13	2.345	0	13	40
13	2.345	0	13	41
13	2.345	0	13	42
13	2.345	0	13	43
13	2.345	0	13	44
13	2.345	0	13	45
13	2.345	0	13	46
13	2.345	0	13	47
13	2.345	0	13	48
13	2.345	0	13	49
13	2.345	0	13	50
13	2.345	0	13	51
13	2.345	0	13	52
13	2.345	0	13	53
13	2.345	0	13	54
13	2.345	0	13	55
13	2.345	0	13	56
13	2.345	0	13	57
13	2.345	0	13	58
13	2.345	0	13	59
13	2.345	0	13	60
13	2.345	0	13	61
13	2.345	0	13	62
13	2.345	0	13	63
13	2.345	0	13	64
13	2.345	0	13	65
13	2.345	0	13	66
13	2.345	0	13	67
13	2.345	0	13	68
13	2.345	0	13	69
13	2.345	0	13	70
13	2.345	0	13	71
13	2.345	0	13	72
13	2.345	0	13	73
13	2.345	0	13	74
13	2.345	0	13	75
13	2.345	0	13	76
13	2.345	0	13	77
13	2.345	0	13	78
13	2.345	0	13	79
13	2.345	0	13	80
13	2.345	0	13	81
13	2.345	0	13	82
13	2.345	0	13	83
13	2.345	0	13	84
13	2.345	0	13	85
13	2.345	0	13	86
13	2.345	0	13	87
13	3.345	1	13	88
13	3.345	1	13	89
13	3.345	1	13	90
13	3.345	1	13	91
13	3.345	1	13	92
13	3.345	1	13	93
13	3.345	1	13	94
13	3.345	1	13	95
13	3.345	1	13	96
13	3.345	1	13	97
13	3.345	1	13	98
13	3.345	1	13	99
13	3.345	1	13	100
13	3.345	1	13	101
13	3.345	1	13	102
13	3.345	1	13	103
13	3.345	1	13	104
13	3.345	1	13	105
13	3.345	1	13	106
13	3.345	1	13	107
13	3.345	1	13	108
13	3.345	1	13	109
13	3.345	1	13	110
13	3.345	1	13	111
13	3.345	1	13	112
13	3.345	1	13	113
13	3.345	1	13	114
13	3.345	1	13	115
13	3.345	1	13	116
13	3.345	1	13	117
13	3.345	1	13	118
13	3.345	1	13	119
13	3.345	1	13	120
13	3.345	1	13	121
13	3.345	1	13	122
13	3.345	1	13	123
13	3.345	1	13	124
13	3.345	1	13	125
13	3.345	1	13	126
13	3.345	1	13	127
13	3.345	1	13	128
13	3.345	1	13	129
13	3.345	1	13	130
13	3.345	1	13	131
13	3.345	1	13	132
13	3.345	1	13	133
13	3.345	1	13	134
13	3.345	1	13	135
13	3.345	1	13	136
13	3.345	1	13	137
13	3.345	1	13	138
13	3.345	1	13	139
13	3.345	1	13	140
13	3.345	1	13	141
13	3.345	1	13	142
13	3.345	1	13	143
13	3.345	1	13	144
13	3.345	1	13	145
13	3.345	1	13	146
13	3.345	1	13	147
13	3.345	1	13	148
13	3.345	1	13	149
13	3.345	1	13	150
13	3.345	1	13	151
13	3.345	1	13	152
13	3.345	1	13	153
13	3.345	1	13	154
13	3.345	1	13	155
13	3.345	1	13	156
13	3.345	1	13	157
13	3.345	1	13	158
13	3.345	1	13	159
13	3.345	1	13	160
13	3.345	1	13	161
13	3.345	1	13	162
13	3.345	1	13	163
13	3.345	1	13	164
13	3.345	1	13	165
13	3.345	1	13	166
13	3.345	1	13	167
13	3.345	1	13	168
13	3.345	1	13	169
13	3.345	1	13	170
13	3.345	1	13	171
13	3.345	1	13	172
13	3.345	1	13	173
13	3.345	1	13	174
13	3.345	1	13	175
13	3.345	1	13	176
13	3.345	1	13	177
13	3.345	1	13	178
13	3.345	1	13	179
13	3.345	1	13	180
13	3.345	1	13	181
13	3.345	1	13	182
13	3.345	1	13	183
13	3.345	1	13	184
13	3.345	1	13	185
13	3.345	1	13	186
13	3.345	1	13	187
13	3.345	1	13	188
13	3.345	1	13	189
13	3.345	1	13	190
13	3.345	1	13	191
13	3.345	1	13	192
13	3.345	1	13	193
13	3.345	1	13	194
13	3.345	1	13	195
13	3.345	1	13	196
13	3.345	1	13	197
13	3.345	1	13	198
13	3.345	1	13	199
13	3.345	1	13	200
13	3.345	1	13	201
13	3.345	1	13	202
13	3.345	1	13	203
13	3.345	1	13	204
13	3.345	1	13	205
13	3.345	1	13	206
13	3.345	1	13	207
13	3.345	1	13	208
13	3.345	1	13	209
13	3.345	1	13	210
13	3.345	1	13	211
13	3.345	1	13	212
13	3.345	1	13	213
13	3.345	1	13	214
13	3.345	1	13	215
13	3.345	1	13	216
13	3.345	1	13	217
13	3.345	1	13	218
13	3.345	1	13	219
13	3.345	1	13	220
13	3.345	1	13	221
13	3.345	1	13	222
13	3.345	1	13	223
13	3.345	1	13	224
13	3.345	1	13	225
13	3.345	1	13	226
13	3.345	1	13	227
13	3.345	1	13	228
13	3.345	1	13	229
13	3.345	1	13	230
13	3.345	1	13	231
13	3.345	1	13	232
13	3.345	1	13	233
13	3.345	1	13	234
13	3.345	1	13	235
13	3.345	1	13	236
13	3.345	1	13	237
13	3.345	1	13	238
13	3.345	1	13	239
13	3.345	1	13	240
13	3.345	1	13	241
13	3.345	1	13	242
13	3.345	1	13	243
13	3.345	1	13	244
13	3.345	1	13	245
13	3.345	1	13	246
13	3.345	1	13	247
13	3.345	1	13	248
13	3.345	1	13	249
13	3.345	1	13	250
13	3.345	1	13	251
13	3.345	1	13	252
13	3.345	1	13	253
13	3.345	1	13	254
13	3.345	1	13	255
13	3.345	1	13	256
13	3.345	1	13	257
13	3.345	1	13	258
13	3.345	1	13	259
13	3.345	1	13	260
13	3.345	1	13	261
13	3.345	1	13	262
13	3.345	1	13	263
13	3.345	1	13	264
13	3.345	1	13	265
13	3.345	1	13	266
13	3.345	1	13	267
13	3.345	1	13	268
13	3.345	1	13	269
13	3.345	1	13	270
13	3.345	1	13	271
13	3.345	1	13	272
13	3.345	1	13	273
13	3.345	1	13	274
13	3.345	1	13	275
13	3.345	1	13	276
13	3.345	1	13	277
13	3.345	1	13	278
13	3.345	1	13	279
13	3.345	1	13	280
13	3.345	1	13	281
13	3.345	1	13	282
13	3.345	1	13	283
13	3.345	1	13	284
13	3.345	1	13	285
13	3.345	1	13	286
13	3.345	1	13	287
13	3.345	1	13	288
13	3.345	1	13	289
13	3.345	1	13	290
13	3.345	1	13	291
13	3.345	1	13	292
13	3.345	1	13	293
13	3.345	1	13	294
13	3.345	1	13	295
13	3.345	1	13	296
13	3.345	1	13	297
13	3.345	1	13	298
13	3.345	1	13	299
13	3.345	1	13	300
14	2.345	0	14	1
14	2.345	0	14	2
14	2.345	0	14	3
14	2.345	0	14	4
14	2.345	0	14	5
14	2.345	0	14	6
14	2.345	0	14	7
14	2.345	0	14	8
14	2.345	0	14	9
14	2.345	0	14	10
14	2.345	0	14	11
14	2.345	0	14	12
14	2.345	0	14	13
14	2.345	0	14	14
14	2.345	0	14	15
14	2.345	0	14	16
14	2.345	0	14	17
14	2.345	0	14	18
14	2.345	0	14	19
14	2.345	0	14	20
14	2.345	0	14	21
14	2.345	0	14	22
14	2.345	0	14	23
14	2.345	0	14	24
14	2.345	0	14	25
14	2.345	0	14	26
14	2.345	0	14	27
14	2.345	0	14	28
14	2.345	0	14	29
14	2.345	0	14	30
14	2.345	0	14	31
14	2.345	0	14	32
14	2.345	0	14	33
14	2.345	0	14	34
14	2.345	0	14	35
14	2.345	0	14	36
14	2.345	0	14	37
14	2.345	0	14	38
14	2.345	0	14	39
14	2.345	0	14	40
14	2.345	0	14	41
14	2.345	0	14	42
14	2.345	0	14	43
14	2.345	0	14	44
14	2.345	0	14	45
14	2.345	0	14	46
14	2.345	0	14	47
14	2.345	0	14	48
14	2.345	0	14	49
14	2.345	0	14	50
14	2.345	0	14	51
14	2.345	0	14	52
14	2.345	0	14	53
14	2.345	0	14	54
14	2.345	0	14	55
14	2.345	0	14	56
14	2.345	0	14	57
14	2.345	0	14	58
14	2.345	0	14	59
14	2.345	0	14	60
14	2.345	0	14	61
14	2.345	0	14	62
14	2.345	0	14	63
14	2.345	0	14	64
14	2.345	0	14	65
14	2.345	0	14	66
14	2.345	0	14	67
14	2.345	0	14	68
14	2.345	0	14	69
14	2.345	0	14	70
14	2.345	0	14	71
14	2.345	0	14	72
14	2.345	0	14	73
14	2.345	0	14	74
14	2.345	0	14	75
14	2.345	0	14	76
14	2.345	0	14	77
14	2.345	0	14	78
14	2.345	0	14	79
14	2.345	0	14	80
14	2.345	0	14	81
14	2.345	0	14	82
14	2.345	0	14	83
14	2.345	0	14	84
14	2.345	0	14	85
14	2.345	0	14	86
14	2.345	0	14	87
14	2.345	0	14	88
14	2.345	0	14	89
14	2.345	0	14	90
14	2.345	0	14	91
14	2.345	0	14	92
14	2.345	0	14	93
14	2.345	0	14	94
14	2.345	0	14	95
14	2.345	0	14	96
14	2.345	0	14	97
14	2.345	0	14	98
14	2.345	0	14	99
14	2.345	0	14	100
14	2.345	0	14	101
14	2.345	0	14	102
14	2.345	0	14	103
14	2.345	0	14	104
14	2.345	0	14	105
14	2.345	0	14	106
14	2.345	0	14	107
14	2.345	0	14	108
14	2.345	0	14	109
14	2.345	0	14	110
14	2.345	0	14	111
14	2.345	0	14	112
14	2.345	0	14	113
14	2.345	0	14	114
14	2.345	0	14	115
14	2.345	0	14	116
14	2.345	0	14	117
14	2.345	0	14	118
14	2.345	0	14	119
14	2.345	0	14	120
14	2.345	0	14	121
14	2.345	0	14	122
14	2.345	0	14	123
14	2.345	0	14	124
14	2.345	0	14	125
14	2.345	0	14	126
14	2.345	0	14	127
14	2.345	0	14	128
14	2.345	0	14	129
14	2.345	0	14	130
14	2.345	0	14	131
14	2.345	0	14	132
14	2.345	0	14	133
14	2.345	0	14	134
14	2.345	0	14	135
14	2.345	0	14	136
14	2.345	0	14	137
14	2.345	0	14	138
14	2.345	0	14	139
14	2.345	0	14	140
14	2.345	0	14	141
14	2.345	0	14	142
14	2.345	0	14	143
14	2.345	0	14	144
14	2.345	0	14	145
14	2.345	0	14	146
14	2.345	0	14	147
14	2.345	0	14	148
14	2.345	0	14	149
14	2.345	0	14	150
14	2.345	0	14	151
14	2.345	0	14	152
14	2.345	0	14	153
14	2.345	0	14	154
14	2.345	0	14	155
14	2.345	0	14	156
14	2.345	0	14	157
14	2.345	0	14	158
14	2.345	0	14	159
14	2.345	0	14	160
14	2.345	0	14	161
14	2.345	0	14	162
14	2.345	0	14	163
14	2.345	0	14	164
14	2.345	0	14	165
14	2.345	0	14	166
14	2.345	0	14	167
14	2.345	0	14	168
14	2.345	0	14	169
14	2.345	0	14	170
14	2.345	0	14	171
14	2.345	0	14	172
14	2.345	0	14	173
14	2.345	0	14	174
14	2.345	0	14	175
14	2.345	0	14	176
14	2.345	0	14	177
14	2.345	0	14	178
14	2.345	0	14	179
14	2.345	0	14	180
14	2.345	0	14	181
14	2.345	0	14	182
14	2.345	0	14	183
14	2.345	0	14	184
14	2.345	0	14	185
14	2.345	0	14	186
14	2.345	0	14	187
14	2.345	0	14	188
14	2.345	0	14	189
14	2.345	0	14	190
14	2.345	0	14	191
14	2.345	0	14	192
14	2.345	0	14	193
14	2.345	0	14	194
14	2.345	0	14	195
14	2.345	0	14	196
14	2.345	0	14	197
14	2.345	0	14	198
14	2.345	0	14	199
14	2.345	0	14	200
14	2.345	0	14	201
14	2.345	0	14	202
14	2.345	0	14	203
14	2.345	0	14	204
14	2.345	0	14	205
14	2.345	0	14	206
14	2.345	0	14	207
14	2.345	0	14	208
14	2.345	0	14	209
14	2.345	0	14	210
14	2.345	0	14	211
14	2.345	0	14	212
14	2.345	0	14	213
14	2.345	0	14	214
14	2.345	0	14	215
14	2.345	0	14	216
14	2.345	0	14	217
14	2.345	0	14	218
14	2.345	0	14	219
14	2.345	0	14	220
14	2.345	0	14	221
14	2.345	0	14	222
14	2.345	0	14	223
14	2.345	0	14	224
14	2.345	0	14	225
14	2.345	0	14	226
14	2.345	0	14	227
14	2.345	0	14	228
14	2.345	0	14	229
14	2.345	0	14	230
14	2.345	0	14	231
14	2.345	0	14	232
14	2.345	0	14	233
14	2.345	0	14	234
14	2.345	0	14	235
14	2.345	0	14	236
14	2.345	0	14	237
14	2.345	0	14	238
14	2.345	0	14	239
14	2.345	0	14	240
14	2.345	0	14	241
14	2.345	0	14	242
14	2.345	0	14	243
14	2.345	0	14	244
14	2.345	0	14	245
14	2.345	0	14	246
14	2.345	0	14	247
14	2.345	0	14	248
14	2.345	0	14	249
14	2.345	0	14	250
14	2.345	0	14	251
14	2.345	0	14	252
14	2.345	0	14	253
14	2.345	0	14	254
14	2.345	0	14	255
14	2.345	0	14	256
14	2.345	0	14	257
14	2.345	0	14	258
14	2.345	0	14	259
14	2.345	0	14	260
14	2.345	0	14	261
14	2.345	0	14	262
14	2.345	0	14	263
14	2.345	0	14	264
14	2.345	0	14	265
14	2.345	0	14	266
14	2.345	0	14	267
14	2.345	0	14	268
14	2.345	0	14	269
14	2.345	0	14	270
14	2.345	0	14	271
14	2.345	0	14	272
14	2.345	0	14	273
14	2.345	0	14	274
14	2.345	0	14	275
14	2.345	0	14	276
14	2.345	0	14	277
14	2.345	0	14	278
14	2.345	0	14	279
14	2.345	0	14	280
14	2.345	0	14	281
14	2.345	0	14	282
14	2.345	0	14	283
14	2.345	0	14	284
14	2.345	0	14	285
14	2.345	0	14	286
14	2.345	0	14	287
14	2.345	0	14	288
14	2.345	0	14	289
14	2.345	0	14	290
14	2.345	0	14	291
14	2.345	0	14	292
14	2.345	0	14	293
14	2.345	0	14	294
14	2.345	0	14	295
14	2.345	0	14	296
14	2.345	0	14	297
14	2.345	0	14	298
14	2.345	0	14	299
14	2.345	0	14	300
