group	showSelected1	ymin	ymax	xmin	xmax
1	1	0	0	0.55	1.45
1	2	0	0	0.55	1.45
1	3	0	0	0.55	1.45
1	4	0	0	0.55	1.45
1	5	0	0	0.55	1.45
1	6	0	0	0.55	1.45
1	7	0	0	0.55	1.45
1	8	0	0	0.55	1.45
1	9	0	0	0.55	1.45
1	10	0	0	0.55	1.45
1	11	0	0	0.55	1.45
1	12	0	0	0.55	1.45
1	13	0	0	0.55	1.45
1	14	0	0	0.55	1.45
1	15	0	0	0.55	1.45
1	16	0	0	0.55	1.45
1	17	0	0	0.55	1.45
1	18	0	0	0.55	1.45
1	19	0	0	0.55	1.45
1	20	0	0	0.55	1.45
1	21	0	0	0.55	1.45
1	22	0	0	0.55	1.45
1	23	0	0	0.55	1.45
1	24	0	0	0.55	1.45
1	25	0	0	0.55	1.45
1	26	0	0	0.55	1.45
1	27	0	0	0.55	1.45
1	28	0	0	0.55	1.45
1	29	0	0	0.55	1.45
1	30	0	0	0.55	1.45
1	31	0	0	0.55	1.45
1	32	0	0	0.55	1.45
1	33	0	0	0.55	1.45
1	34	0	0	0.55	1.45
1	35	0	0	0.55	1.45
1	36	0	0	0.55	1.45
1	37	0	0	0.55	1.45
1	38	0	0	0.55	1.45
1	39	0	0	0.55	1.45
1	40	0	0	0.55	1.45
1	41	0	0	0.55	1.45
1	42	0	0	0.55	1.45
1	43	0	0	0.55	1.45
1	44	0	0	0.55	1.45
1	45	0	0	0.55	1.45
1	46	0	0	0.55	1.45
1	47	0	0	0.55	1.45
1	48	0	0	0.55	1.45
1	49	0	0	0.55	1.45
1	50	0	0	0.55	1.45
1	51	0	0	0.55	1.45
1	52	0	0	0.55	1.45
1	53	0	0	0.55	1.45
1	54	0	0	0.55	1.45
1	55	0	0	0.55	1.45
1	56	0	0	0.55	1.45
1	57	0	0	0.55	1.45
1	58	0	0	0.55	1.45
1	59	0	0	0.55	1.45
1	60	0	0	0.55	1.45
1	61	0	0	0.55	1.45
1	62	0	0	0.55	1.45
1	63	0	0	0.55	1.45
1	64	0	0	0.55	1.45
1	65	0	0	0.55	1.45
1	66	0	0	0.55	1.45
1	67	0	0	0.55	1.45
1	68	0	0	0.55	1.45
1	69	0	0	0.55	1.45
1	70	0	0	0.55	1.45
1	71	0	0	0.55	1.45
1	72	0	0	0.55	1.45
1	73	0	0	0.55	1.45
1	74	0	0	0.55	1.45
1	75	0	0	0.55	1.45
1	76	0	0	0.55	1.45
1	77	0	0	0.55	1.45
1	78	0	0	0.55	1.45
1	79	0	0	0.55	1.45
1	80	0	0	0.55	1.45
1	81	0	0	0.55	1.45
1	82	0	0	0.55	1.45
1	83	0	0	0.55	1.45
1	84	0	0	0.55	1.45
1	85	0	0	0.55	1.45
1	86	0	0	0.55	1.45
1	87	0	0	0.55	1.45
1	88	0	0	0.55	1.45
1	89	0	0	0.55	1.45
1	90	0	0	0.55	1.45
1	91	0	0	0.55	1.45
1	92	0	0	0.55	1.45
1	93	0	0	0.55	1.45
1	94	0	0	0.55	1.45
1	95	0	0	0.55	1.45
1	96	0	0	0.55	1.45
1	97	0	0	0.55	1.45
1	98	0	0	0.55	1.45
1	99	0	0	0.55	1.45
1	100	0	0	0.55	1.45
1	101	0	0	0.55	1.45
1	102	0	0	0.55	1.45
1	103	0	0	0.55	1.45
1	104	0	0	0.55	1.45
1	105	0	0	0.55	1.45
1	106	0	0	0.55	1.45
1	107	0	0	0.55	1.45
1	108	0	0	0.55	1.45
1	109	0	0	0.55	1.45
1	110	0	0	0.55	1.45
1	111	0	0	0.55	1.45
1	112	0	0	0.55	1.45
1	113	0	0	0.55	1.45
1	114	0	0	0.55	1.45
1	115	0	0	0.55	1.45
1	116	0	0	0.55	1.45
1	117	0	0	0.55	1.45
1	118	0	0	0.55	1.45
1	119	0	0	0.55	1.45
1	120	0	0	0.55	1.45
1	121	0	0	0.55	1.45
1	122	0	0	0.55	1.45
1	123	0	0	0.55	1.45
1	124	0	0	0.55	1.45
1	125	0	0	0.55	1.45
1	126	0	0	0.55	1.45
1	127	0	0	0.55	1.45
1	128	0	0	0.55	1.45
1	129	0	0	0.55	1.45
1	130	0	0	0.55	1.45
1	131	0	0	0.55	1.45
1	132	0	0	0.55	1.45
1	133	0	0	0.55	1.45
1	134	0	0	0.55	1.45
1	135	0	0	0.55	1.45
1	136	0	0	0.55	1.45
1	137	0	0	0.55	1.45
1	138	0	0	0.55	1.45
1	139	0	0	0.55	1.45
1	140	0	0	0.55	1.45
1	141	0	0	0.55	1.45
1	142	0	0	0.55	1.45
1	143	0	0	0.55	1.45
1	144	0	0	0.55	1.45
1	145	0	0	0.55	1.45
1	146	0	0	0.55	1.45
1	147	0	0	0.55	1.45
1	148	0	0	0.55	1.45
1	149	0	0	0.55	1.45
1	150	0	0	0.55	1.45
1	151	0	0	0.55	1.45
1	152	0	0	0.55	1.45
1	153	0	0	0.55	1.45
1	154	0	0	0.55	1.45
1	155	0	0	0.55	1.45
1	156	0	0	0.55	1.45
1	157	0	0	0.55	1.45
1	158	0	0	0.55	1.45
1	159	0	0	0.55	1.45
1	160	0	0	0.55	1.45
1	161	0	0	0.55	1.45
1	162	0	0	0.55	1.45
1	163	0	0	0.55	1.45
1	164	0	0	0.55	1.45
1	165	0	0	0.55	1.45
1	166	0	0	0.55	1.45
1	167	0	0	0.55	1.45
1	168	0	0	0.55	1.45
1	169	0	0	0.55	1.45
1	170	0	0	0.55	1.45
1	171	0	0	0.55	1.45
1	172	0	0	0.55	1.45
1	173	0	0	0.55	1.45
1	174	0	0	0.55	1.45
1	175	0	0	0.55	1.45
1	176	0	0	0.55	1.45
1	177	0	0	0.55	1.45
1	178	0	0	0.55	1.45
1	179	0	0	0.55	1.45
1	180	0	0	0.55	1.45
1	181	0	0	0.55	1.45
1	182	0	0	0.55	1.45
1	183	0	0	0.55	1.45
1	184	0	0	0.55	1.45
1	185	0	0	0.55	1.45
1	186	0	0	0.55	1.45
1	187	0	0	0.55	1.45
1	188	0	0	0.55	1.45
1	189	0	0	0.55	1.45
1	190	0	0	0.55	1.45
1	191	0	0	0.55	1.45
1	192	0	0	0.55	1.45
1	193	0	0	0.55	1.45
1	194	0	0	0.55	1.45
1	195	0	0	0.55	1.45
1	196	0	0	0.55	1.45
1	197	0	0	0.55	1.45
1	198	0	0	0.55	1.45
1	199	0	0	0.55	1.45
1	200	0	0	0.55	1.45
1	201	0	0	0.55	1.45
1	202	0	0	0.55	1.45
1	203	0	0	0.55	1.45
1	204	0	0	0.55	1.45
1	205	0	0	0.55	1.45
1	206	0	0	0.55	1.45
1	207	0	0	0.55	1.45
1	208	0	0	0.55	1.45
1	209	0	0	0.55	1.45
1	210	0	0	0.55	1.45
1	211	0	0	0.55	1.45
1	212	0	0	0.55	1.45
1	213	0	0	0.55	1.45
1	214	0	0	0.55	1.45
1	215	0	0	0.55	1.45
1	216	0	0	0.55	1.45
1	217	0	0	0.55	1.45
1	218	0	0	0.55	1.45
1	219	0	0	0.55	1.45
1	220	0	0	0.55	1.45
1	221	0	0	0.55	1.45
1	222	0	0	0.55	1.45
1	223	0	0	0.55	1.45
1	224	0	0	0.55	1.45
1	225	0	0	0.55	1.45
1	226	0	0	0.55	1.45
1	227	0	0	0.55	1.45
1	228	0	0	0.55	1.45
1	229	0	0	0.55	1.45
1	230	0	0	0.55	1.45
1	231	0	0	0.55	1.45
1	232	0	0	0.55	1.45
1	233	0	0	0.55	1.45
1	234	0	0	0.55	1.45
1	235	0	0	0.55	1.45
1	236	0	0	0.55	1.45
1	237	0	0	0.55	1.45
1	238	0	0	0.55	1.45
1	239	0	0	0.55	1.45
1	240	0	0	0.55	1.45
1	241	0	0	0.55	1.45
1	242	0	0	0.55	1.45
1	243	0	0	0.55	1.45
1	244	0	0	0.55	1.45
1	245	0	0	0.55	1.45
1	246	0	0	0.55	1.45
1	247	0	0	0.55	1.45
1	248	0	0	0.55	1.45
1	249	0	0	0.55	1.45
1	250	0	0	0.55	1.45
1	251	0	0	0.55	1.45
1	252	0	0	0.55	1.45
1	253	0	0	0.55	1.45
1	254	0	0	0.55	1.45
1	255	0	0	0.55	1.45
1	256	0	0	0.55	1.45
1	257	0	0	0.55	1.45
1	258	0	0	0.55	1.45
1	259	0	0	0.55	1.45
1	260	0	0	0.55	1.45
1	261	0	0	0.55	1.45
1	262	0	0	0.55	1.45
1	263	0	0	0.55	1.45
1	264	0	0	0.55	1.45
1	265	0	0	0.55	1.45
1	266	0	0	0.55	1.45
1	267	0	0	0.55	1.45
1	268	0	0	0.55	1.45
1	269	0	0	0.55	1.45
1	270	0	0	0.55	1.45
1	271	0	0	0.55	1.45
1	272	0	0	0.55	1.45
1	273	0	0	0.55	1.45
1	274	0	0	0.55	1.45
1	275	0	0	0.55	1.45
1	276	0	0	0.55	1.45
1	277	0	0	0.55	1.45
1	278	0	0	0.55	1.45
1	279	0	0	0.55	1.45
1	280	0	0	0.55	1.45
1	281	0	0	0.55	1.45
1	282	0	0	0.55	1.45
1	283	0	0	0.55	1.45
1	284	0	0	0.55	1.45
1	285	0	0	0.55	1.45
1	286	0	0	0.55	1.45
1	287	0	0	0.55	1.45
1	288	0	0	0.55	1.45
1	289	0	0	0.55	1.45
1	290	0	0	0.55	1.45
1	291	0	0	0.55	1.45
1	292	0	0	0.55	1.45
1	293	0	0	0.55	1.45
1	294	0	0	0.55	1.45
1	295	0	0	0.55	1.45
1	296	0	0	0.55	1.45
1	297	0	0	0.55	1.45
1	298	0	0	0.55	1.45
1	299	0	0	0.55	1.45
1	300	0	0	0.55	1.45
2	1	0	0	1.55	2.45
2	2	0	0	1.55	2.45
2	3	0	0	1.55	2.45
2	4	0	0	1.55	2.45
2	5	0	0	1.55	2.45
2	6	0	0	1.55	2.45
2	7	0	0	1.55	2.45
2	8	0	0	1.55	2.45
2	9	0	0	1.55	2.45
2	10	0	0	1.55	2.45
2	11	0	0	1.55	2.45
2	12	0	0	1.55	2.45
2	13	0	0	1.55	2.45
2	14	0	0	1.55	2.45
2	15	0	0	1.55	2.45
2	16	0	0	1.55	2.45
2	17	0	0	1.55	2.45
2	18	0	0	1.55	2.45
2	19	0	0	1.55	2.45
2	20	0	0	1.55	2.45
2	21	0	0	1.55	2.45
2	22	0	0	1.55	2.45
2	23	0	0	1.55	2.45
2	24	0	0	1.55	2.45
2	25	0	0	1.55	2.45
2	26	0	0	1.55	2.45
2	27	0	0	1.55	2.45
2	28	0	0	1.55	2.45
2	29	0	0	1.55	2.45
2	30	0	0	1.55	2.45
2	31	0	0	1.55	2.45
2	32	0	0	1.55	2.45
2	33	0	0	1.55	2.45
2	34	0	0	1.55	2.45
2	35	0	0	1.55	2.45
2	36	0	0	1.55	2.45
2	37	0	0	1.55	2.45
2	38	0	0	1.55	2.45
2	39	0	0	1.55	2.45
2	40	0	0	1.55	2.45
2	41	0	0	1.55	2.45
2	42	0	0	1.55	2.45
2	43	0	0	1.55	2.45
2	44	0	0	1.55	2.45
2	45	0	0	1.55	2.45
2	46	0	0	1.55	2.45
2	47	0	0	1.55	2.45
2	48	0	0	1.55	2.45
2	49	0	0	1.55	2.45
2	50	0	0	1.55	2.45
2	51	0	0	1.55	2.45
2	52	0	0	1.55	2.45
2	53	0	0	1.55	2.45
2	54	0	0	1.55	2.45
2	55	0	0	1.55	2.45
2	56	0	0	1.55	2.45
2	57	0	0	1.55	2.45
2	58	0	0	1.55	2.45
2	59	0	0	1.55	2.45
2	60	0	0	1.55	2.45
2	61	0	0	1.55	2.45
2	62	0	0	1.55	2.45
2	63	0	0	1.55	2.45
2	64	0	0	1.55	2.45
2	65	0	0	1.55	2.45
2	66	0	0	1.55	2.45
2	67	0	0	1.55	2.45
2	68	0	0	1.55	2.45
2	69	0	0	1.55	2.45
2	70	0	0	1.55	2.45
2	71	0	0	1.55	2.45
2	72	0	0	1.55	2.45
2	73	0	0	1.55	2.45
2	74	0	0	1.55	2.45
2	75	0	0	1.55	2.45
2	76	0	0	1.55	2.45
2	77	0	0	1.55	2.45
2	78	0	0	1.55	2.45
2	79	0	0	1.55	2.45
2	80	0	0	1.55	2.45
2	81	0	0	1.55	2.45
2	82	0	0	1.55	2.45
2	83	0	0	1.55	2.45
2	84	0	0	1.55	2.45
2	85	0	0	1.55	2.45
2	86	0	0	1.55	2.45
2	87	0	0	1.55	2.45
2	88	0	0	1.55	2.45
2	89	0	0	1.55	2.45
2	90	0	0	1.55	2.45
2	91	0	0	1.55	2.45
2	92	0	0	1.55	2.45
2	93	0	0	1.55	2.45
2	94	0	0	1.55	2.45
2	95	0	0	1.55	2.45
2	96	0	0	1.55	2.45
2	97	0	0	1.55	2.45
2	98	0	0	1.55	2.45
2	99	0	0	1.55	2.45
2	100	0	0	1.55	2.45
2	101	0	0	1.55	2.45
2	102	0	0	1.55	2.45
2	103	0	0	1.55	2.45
2	104	0	0	1.55	2.45
2	105	0	0	1.55	2.45
2	106	0	0	1.55	2.45
2	107	0	0	1.55	2.45
2	108	0	0	1.55	2.45
2	109	0	0	1.55	2.45
2	110	0	0	1.55	2.45
2	111	0	0	1.55	2.45
2	112	0	0	1.55	2.45
2	113	0	0	1.55	2.45
2	114	0	0	1.55	2.45
2	115	0	0	1.55	2.45
2	116	0	1	1.55	2.45
2	117	0	1	1.55	2.45
2	118	0	1	1.55	2.45
2	119	0	1	1.55	2.45
2	120	0	1	1.55	2.45
2	121	0	1	1.55	2.45
2	122	0	1	1.55	2.45
2	123	0	1	1.55	2.45
2	124	0	1	1.55	2.45
2	125	0	1	1.55	2.45
2	126	0	1	1.55	2.45
2	127	0	1	1.55	2.45
2	128	0	1	1.55	2.45
2	129	0	1	1.55	2.45
2	130	0	1	1.55	2.45
2	131	0	1	1.55	2.45
2	132	0	1	1.55	2.45
2	133	0	1	1.55	2.45
2	134	0	1	1.55	2.45
2	135	0	1	1.55	2.45
2	136	0	1	1.55	2.45
2	137	0	1	1.55	2.45
2	138	0	1	1.55	2.45
2	139	0	1	1.55	2.45
2	140	0	1	1.55	2.45
2	141	0	1	1.55	2.45
2	142	0	1	1.55	2.45
2	143	0	1	1.55	2.45
2	144	0	1	1.55	2.45
2	145	0	1	1.55	2.45
2	146	0	1	1.55	2.45
2	147	0	1	1.55	2.45
2	148	0	1	1.55	2.45
2	149	0	1	1.55	2.45
2	150	0	1	1.55	2.45
2	151	0	1	1.55	2.45
2	152	0	1	1.55	2.45
2	153	0	1	1.55	2.45
2	154	0	1	1.55	2.45
2	155	0	1	1.55	2.45
2	156	0	1	1.55	2.45
2	157	0	1	1.55	2.45
2	158	0	1	1.55	2.45
2	159	0	1	1.55	2.45
2	160	0	1	1.55	2.45
2	161	0	1	1.55	2.45
2	162	0	1	1.55	2.45
2	163	0	1	1.55	2.45
2	164	0	1	1.55	2.45
2	165	0	1	1.55	2.45
2	166	0	1	1.55	2.45
2	167	0	1	1.55	2.45
2	168	0	1	1.55	2.45
2	169	0	1	1.55	2.45
2	170	0	1	1.55	2.45
2	171	0	1	1.55	2.45
2	172	0	1	1.55	2.45
2	173	0	1	1.55	2.45
2	174	0	1	1.55	2.45
2	175	0	1	1.55	2.45
2	176	0	1	1.55	2.45
2	177	0	1	1.55	2.45
2	178	0	1	1.55	2.45
2	179	0	1	1.55	2.45
2	180	0	1	1.55	2.45
2	181	0	1	1.55	2.45
2	182	0	1	1.55	2.45
2	183	0	1	1.55	2.45
2	184	0	1	1.55	2.45
2	185	0	1	1.55	2.45
2	186	0	1	1.55	2.45
2	187	0	1	1.55	2.45
2	188	0	1	1.55	2.45
2	189	0	1	1.55	2.45
2	190	0	1	1.55	2.45
2	191	0	1	1.55	2.45
2	192	0	1	1.55	2.45
2	193	0	1	1.55	2.45
2	194	0	1	1.55	2.45
2	195	0	1	1.55	2.45
2	196	0	1	1.55	2.45
2	197	0	1	1.55	2.45
2	198	0	1	1.55	2.45
2	199	0	1	1.55	2.45
2	200	0	1	1.55	2.45
2	201	0	1	1.55	2.45
2	202	0	1	1.55	2.45
2	203	0	1	1.55	2.45
2	204	0	1	1.55	2.45
2	205	0	1	1.55	2.45
2	206	0	1	1.55	2.45
2	207	0	1	1.55	2.45
2	208	0	1	1.55	2.45
2	209	0	1	1.55	2.45
2	210	0	1	1.55	2.45
2	211	0	1	1.55	2.45
2	212	0	1	1.55	2.45
2	213	0	1	1.55	2.45
2	214	0	1	1.55	2.45
2	215	0	1	1.55	2.45
2	216	0	1	1.55	2.45
2	217	0	1	1.55	2.45
2	218	0	1	1.55	2.45
2	219	0	1	1.55	2.45
2	220	0	1	1.55	2.45
2	221	0	1	1.55	2.45
2	222	0	1	1.55	2.45
2	223	0	1	1.55	2.45
2	224	0	1	1.55	2.45
2	225	0	1	1.55	2.45
2	226	0	1	1.55	2.45
2	227	0	1	1.55	2.45
2	228	0	1	1.55	2.45
2	229	0	1	1.55	2.45
2	230	0	1	1.55	2.45
2	231	0	1	1.55	2.45
2	232	0	1	1.55	2.45
2	233	0	1	1.55	2.45
2	234	0	1	1.55	2.45
2	235	0	1	1.55	2.45
2	236	0	1	1.55	2.45
2	237	0	1	1.55	2.45
2	238	0	1	1.55	2.45
2	239	0	1	1.55	2.45
2	240	0	1	1.55	2.45
2	241	0	1	1.55	2.45
2	242	0	1	1.55	2.45
2	243	0	1	1.55	2.45
2	244	0	1	1.55	2.45
2	245	0	1	1.55	2.45
2	246	0	1	1.55	2.45
2	247	0	1	1.55	2.45
2	248	0	1	1.55	2.45
2	249	0	1	1.55	2.45
2	250	0	1	1.55	2.45
2	251	0	1	1.55	2.45
2	252	0	1	1.55	2.45
2	253	0	1	1.55	2.45
2	254	0	1	1.55	2.45
2	255	0	1	1.55	2.45
2	256	0	1	1.55	2.45
2	257	0	1	1.55	2.45
2	258	0	1	1.55	2.45
2	259	0	1	1.55	2.45
2	260	0	1	1.55	2.45
2	261	0	1	1.55	2.45
2	262	0	1	1.55	2.45
2	263	0	1	1.55	2.45
2	264	0	1	1.55	2.45
2	265	0	1	1.55	2.45
2	266	0	1	1.55	2.45
2	267	0	2	1.55	2.45
2	268	0	2	1.55	2.45
2	269	0	2	1.55	2.45
2	270	0	2	1.55	2.45
2	271	0	2	1.55	2.45
2	272	0	2	1.55	2.45
2	273	0	2	1.55	2.45
2	274	0	2	1.55	2.45
2	275	0	2	1.55	2.45
2	276	0	2	1.55	2.45
2	277	0	2	1.55	2.45
2	278	0	2	1.55	2.45
2	279	0	2	1.55	2.45
2	280	0	2	1.55	2.45
2	281	0	2	1.55	2.45
2	282	0	2	1.55	2.45
2	283	0	2	1.55	2.45
2	284	0	2	1.55	2.45
2	285	0	2	1.55	2.45
2	286	0	2	1.55	2.45
2	287	0	2	1.55	2.45
2	288	0	2	1.55	2.45
2	289	0	2	1.55	2.45
2	290	0	2	1.55	2.45
2	291	0	2	1.55	2.45
2	292	0	2	1.55	2.45
2	293	0	2	1.55	2.45
2	294	0	2	1.55	2.45
2	295	0	2	1.55	2.45
2	296	0	2	1.55	2.45
2	297	0	2	1.55	2.45
2	298	0	2	1.55	2.45
2	299	0	2	1.55	2.45
2	300	0	2	1.55	2.45
3	1	0	0	2.55	3.45
3	2	0	0	2.55	3.45
3	3	0	0	2.55	3.45
3	4	0	0	2.55	3.45
3	5	0	0	2.55	3.45
3	6	0	0	2.55	3.45
3	7	0	0	2.55	3.45
3	8	0	0	2.55	3.45
3	9	0	0	2.55	3.45
3	10	0	0	2.55	3.45
3	11	0	0	2.55	3.45
3	12	0	0	2.55	3.45
3	13	0	0	2.55	3.45
3	14	0	0	2.55	3.45
3	15	0	0	2.55	3.45
3	16	0	0	2.55	3.45
3	17	0	0	2.55	3.45
3	18	0	0	2.55	3.45
3	19	0	0	2.55	3.45
3	20	0	0	2.55	3.45
3	21	0	0	2.55	3.45
3	22	0	0	2.55	3.45
3	23	0	0	2.55	3.45
3	24	0	0	2.55	3.45
3	25	0	0	2.55	3.45
3	26	0	0	2.55	3.45
3	27	0	0	2.55	3.45
3	28	0	0	2.55	3.45
3	29	0	0	2.55	3.45
3	30	0	0	2.55	3.45
3	31	0	0	2.55	3.45
3	32	0	0	2.55	3.45
3	33	0	0	2.55	3.45
3	34	0	0	2.55	3.45
3	35	0	0	2.55	3.45
3	36	0	0	2.55	3.45
3	37	0	0	2.55	3.45
3	38	0	0	2.55	3.45
3	39	0	0	2.55	3.45
3	40	0	0	2.55	3.45
3	41	0	0	2.55	3.45
3	42	0	0	2.55	3.45
3	43	0	0	2.55	3.45
3	44	0	0	2.55	3.45
3	45	0	0	2.55	3.45
3	46	0	0	2.55	3.45
3	47	0	0	2.55	3.45
3	48	0	0	2.55	3.45
3	49	0	0	2.55	3.45
3	50	0	0	2.55	3.45
3	51	0	0	2.55	3.45
3	52	0	0	2.55	3.45
3	53	0	0	2.55	3.45
3	54	0	0	2.55	3.45
3	55	0	0	2.55	3.45
3	56	0	0	2.55	3.45
3	57	0	0	2.55	3.45
3	58	0	0	2.55	3.45
3	59	0	0	2.55	3.45
3	60	0	0	2.55	3.45
3	61	0	0	2.55	3.45
3	62	0	0	2.55	3.45
3	63	0	0	2.55	3.45
3	64	0	0	2.55	3.45
3	65	0	0	2.55	3.45
3	66	0	0	2.55	3.45
3	67	0	0	2.55	3.45
3	68	0	0	2.55	3.45
3	69	0	0	2.55	3.45
3	70	0	0	2.55	3.45
3	71	0	0	2.55	3.45
3	72	0	0	2.55	3.45
3	73	0	0	2.55	3.45
3	74	0	0	2.55	3.45
3	75	0	0	2.55	3.45
3	76	0	0	2.55	3.45
3	77	0	0	2.55	3.45
3	78	0	0	2.55	3.45
3	79	0	0	2.55	3.45
3	80	0	0	2.55	3.45
3	81	0	0	2.55	3.45
3	82	0	0	2.55	3.45
3	83	0	0	2.55	3.45
3	84	0	0	2.55	3.45
3	85	0	0	2.55	3.45
3	86	0	0	2.55	3.45
3	87	0	0	2.55	3.45
3	88	0	0	2.55	3.45
3	89	0	0	2.55	3.45
3	90	0	0	2.55	3.45
3	91	0	0	2.55	3.45
3	92	0	0	2.55	3.45
3	93	0	0	2.55	3.45
3	94	0	0	2.55	3.45
3	95	0	0	2.55	3.45
3	96	0	0	2.55	3.45
3	97	0	0	2.55	3.45
3	98	0	0	2.55	3.45
3	99	0	0	2.55	3.45
3	100	0	0	2.55	3.45
3	101	0	0	2.55	3.45
3	102	0	0	2.55	3.45
3	103	0	0	2.55	3.45
3	104	0	0	2.55	3.45
3	105	0	0	2.55	3.45
3	106	0	0	2.55	3.45
3	107	0	0	2.55	3.45
3	108	0	0	2.55	3.45
3	109	0	0	2.55	3.45
3	110	0	0	2.55	3.45
3	111	0	0	2.55	3.45
3	112	0	0	2.55	3.45
3	113	0	0	2.55	3.45
3	114	0	0	2.55	3.45
3	115	0	0	2.55	3.45
3	116	0	0	2.55	3.45
3	117	0	0	2.55	3.45
3	118	0	1	2.55	3.45
3	119	0	1	2.55	3.45
3	120	0	1	2.55	3.45
3	121	0	1	2.55	3.45
3	122	0	1	2.55	3.45
3	123	0	1	2.55	3.45
3	124	0	1	2.55	3.45
3	125	0	1	2.55	3.45
3	126	0	1	2.55	3.45
3	127	0	1	2.55	3.45
3	128	0	1	2.55	3.45
3	129	0	1	2.55	3.45
3	130	0	1	2.55	3.45
3	131	0	1	2.55	3.45
3	132	0	1	2.55	3.45
3	133	0	1	2.55	3.45
3	134	0	1	2.55	3.45
3	135	0	1	2.55	3.45
3	136	0	1	2.55	3.45
3	137	0	1	2.55	3.45
3	138	0	1	2.55	3.45
3	139	0	1	2.55	3.45
3	140	0	1	2.55	3.45
3	141	0	1	2.55	3.45
3	142	0	1	2.55	3.45
3	143	0	1	2.55	3.45
3	144	0	1	2.55	3.45
3	145	0	1	2.55	3.45
3	146	0	1	2.55	3.45
3	147	0	1	2.55	3.45
3	148	0	1	2.55	3.45
3	149	0	1	2.55	3.45
3	150	0	1	2.55	3.45
3	151	0	1	2.55	3.45
3	152	0	1	2.55	3.45
3	153	0	1	2.55	3.45
3	154	0	1	2.55	3.45
3	155	0	1	2.55	3.45
3	156	0	1	2.55	3.45
3	157	0	1	2.55	3.45
3	158	0	1	2.55	3.45
3	159	0	1	2.55	3.45
3	160	0	1	2.55	3.45
3	161	0	1	2.55	3.45
3	162	0	1	2.55	3.45
3	163	0	1	2.55	3.45
3	164	0	1	2.55	3.45
3	165	0	1	2.55	3.45
3	166	0	1	2.55	3.45
3	167	0	1	2.55	3.45
3	168	0	1	2.55	3.45
3	169	0	1	2.55	3.45
3	170	0	1	2.55	3.45
3	171	0	1	2.55	3.45
3	172	0	1	2.55	3.45
3	173	0	1	2.55	3.45
3	174	0	1	2.55	3.45
3	175	0	1	2.55	3.45
3	176	0	1	2.55	3.45
3	177	0	1	2.55	3.45
3	178	0	1	2.55	3.45
3	179	0	1	2.55	3.45
3	180	0	1	2.55	3.45
3	181	0	1	2.55	3.45
3	182	0	1	2.55	3.45
3	183	0	1	2.55	3.45
3	184	0	1	2.55	3.45
3	185	0	1	2.55	3.45
3	186	0	1	2.55	3.45
3	187	0	1	2.55	3.45
3	188	0	1	2.55	3.45
3	189	0	1	2.55	3.45
3	190	0	1	2.55	3.45
3	191	0	1	2.55	3.45
3	192	0	1	2.55	3.45
3	193	0	1	2.55	3.45
3	194	0	1	2.55	3.45
3	195	0	1	2.55	3.45
3	196	0	1	2.55	3.45
3	197	0	1	2.55	3.45
3	198	0	1	2.55	3.45
3	199	0	1	2.55	3.45
3	200	0	1	2.55	3.45
3	201	0	1	2.55	3.45
3	202	0	1	2.55	3.45
3	203	0	1	2.55	3.45
3	204	0	1	2.55	3.45
3	205	0	1	2.55	3.45
3	206	0	1	2.55	3.45
3	207	0	1	2.55	3.45
3	208	0	1	2.55	3.45
3	209	0	1	2.55	3.45
3	210	0	1	2.55	3.45
3	211	0	1	2.55	3.45
3	212	0	1	2.55	3.45
3	213	0	1	2.55	3.45
3	214	0	1	2.55	3.45
3	215	0	1	2.55	3.45
3	216	0	1	2.55	3.45
3	217	0	1	2.55	3.45
3	218	0	1	2.55	3.45
3	219	0	1	2.55	3.45
3	220	0	1	2.55	3.45
3	221	0	1	2.55	3.45
3	222	0	1	2.55	3.45
3	223	0	1	2.55	3.45
3	224	0	1	2.55	3.45
3	225	0	1	2.55	3.45
3	226	0	1	2.55	3.45
3	227	0	1	2.55	3.45
3	228	0	1	2.55	3.45
3	229	0	1	2.55	3.45
3	230	0	1	2.55	3.45
3	231	0	1	2.55	3.45
3	232	0	1	2.55	3.45
3	233	0	1	2.55	3.45
3	234	0	1	2.55	3.45
3	235	0	1	2.55	3.45
3	236	0	1	2.55	3.45
3	237	0	1	2.55	3.45
3	238	0	1	2.55	3.45
3	239	0	1	2.55	3.45
3	240	0	1	2.55	3.45
3	241	0	1	2.55	3.45
3	242	0	2	2.55	3.45
3	243	0	2	2.55	3.45
3	244	0	2	2.55	3.45
3	245	0	2	2.55	3.45
3	246	0	2	2.55	3.45
3	247	0	2	2.55	3.45
3	248	0	2	2.55	3.45
3	249	0	2	2.55	3.45
3	250	0	2	2.55	3.45
3	251	0	2	2.55	3.45
3	252	0	2	2.55	3.45
3	253	0	2	2.55	3.45
3	254	0	2	2.55	3.45
3	255	0	2	2.55	3.45
3	256	0	2	2.55	3.45
3	257	0	2	2.55	3.45
3	258	0	2	2.55	3.45
3	259	0	2	2.55	3.45
3	260	0	2	2.55	3.45
3	261	0	2	2.55	3.45
3	262	0	2	2.55	3.45
3	263	0	2	2.55	3.45
3	264	0	2	2.55	3.45
3	265	0	2	2.55	3.45
3	266	0	2	2.55	3.45
3	267	0	2	2.55	3.45
3	268	0	2	2.55	3.45
3	269	0	2	2.55	3.45
3	270	0	2	2.55	3.45
3	271	0	2	2.55	3.45
3	272	0	2	2.55	3.45
3	273	0	2	2.55	3.45
3	274	0	2	2.55	3.45
3	275	0	2	2.55	3.45
3	276	0	2	2.55	3.45
3	277	0	2	2.55	3.45
3	278	0	2	2.55	3.45
3	279	0	2	2.55	3.45
3	280	0	2	2.55	3.45
3	281	0	2	2.55	3.45
3	282	0	2	2.55	3.45
3	283	0	2	2.55	3.45
3	284	0	2	2.55	3.45
3	285	0	2	2.55	3.45
3	286	0	2	2.55	3.45
3	287	0	2	2.55	3.45
3	288	0	2	2.55	3.45
3	289	0	2	2.55	3.45
3	290	0	2	2.55	3.45
3	291	0	2	2.55	3.45
3	292	0	2	2.55	3.45
3	293	0	2	2.55	3.45
3	294	0	2	2.55	3.45
3	295	0	2	2.55	3.45
3	296	0	2	2.55	3.45
3	297	0	2	2.55	3.45
3	298	0	2	2.55	3.45
3	299	0	2	2.55	3.45
3	300	0	2	2.55	3.45
4	1	0	0	3.55	4.45
4	2	0	0	3.55	4.45
4	3	0	0	3.55	4.45
4	4	0	0	3.55	4.45
4	5	0	0	3.55	4.45
4	6	0	0	3.55	4.45
4	7	0	0	3.55	4.45
4	8	0	0	3.55	4.45
4	9	0	0	3.55	4.45
4	10	0	0	3.55	4.45
4	11	0	0	3.55	4.45
4	12	0	0	3.55	4.45
4	13	0	0	3.55	4.45
4	14	0	0	3.55	4.45
4	15	0	0	3.55	4.45
4	16	0	0	3.55	4.45
4	17	0	0	3.55	4.45
4	18	0	0	3.55	4.45
4	19	0	0	3.55	4.45
4	20	0	0	3.55	4.45
4	21	0	1	3.55	4.45
4	22	0	1	3.55	4.45
4	23	0	1	3.55	4.45
4	24	0	1	3.55	4.45
4	25	0	1	3.55	4.45
4	26	0	1	3.55	4.45
4	27	0	1	3.55	4.45
4	28	0	1	3.55	4.45
4	29	0	1	3.55	4.45
4	30	0	1	3.55	4.45
4	31	0	1	3.55	4.45
4	32	0	1	3.55	4.45
4	33	0	1	3.55	4.45
4	34	0	2	3.55	4.45
4	35	0	2	3.55	4.45
4	36	0	2	3.55	4.45
4	37	0	2	3.55	4.45
4	38	0	2	3.55	4.45
4	39	0	2	3.55	4.45
4	40	0	2	3.55	4.45
4	41	0	2	3.55	4.45
4	42	0	2	3.55	4.45
4	43	0	2	3.55	4.45
4	44	0	2	3.55	4.45
4	45	0	2	3.55	4.45
4	46	0	2	3.55	4.45
4	47	0	2	3.55	4.45
4	48	0	3	3.55	4.45
4	49	0	3	3.55	4.45
4	50	0	3	3.55	4.45
4	51	0	3	3.55	4.45
4	52	0	3	3.55	4.45
4	53	0	3	3.55	4.45
4	54	0	3	3.55	4.45
4	55	0	3	3.55	4.45
4	56	0	3	3.55	4.45
4	57	0	3	3.55	4.45
4	58	0	3	3.55	4.45
4	59	0	3	3.55	4.45
4	60	0	3	3.55	4.45
4	61	0	3	3.55	4.45
4	62	0	3	3.55	4.45
4	63	0	3	3.55	4.45
4	64	0	3	3.55	4.45
4	65	0	3	3.55	4.45
4	66	0	3	3.55	4.45
4	67	0	3	3.55	4.45
4	68	0	3	3.55	4.45
4	69	0	3	3.55	4.45
4	70	0	3	3.55	4.45
4	71	0	3	3.55	4.45
4	72	0	3	3.55	4.45
4	73	0	3	3.55	4.45
4	74	0	3	3.55	4.45
4	75	0	3	3.55	4.45
4	76	0	3	3.55	4.45
4	77	0	3	3.55	4.45
4	78	0	3	3.55	4.45
4	79	0	3	3.55	4.45
4	80	0	3	3.55	4.45
4	81	0	3	3.55	4.45
4	82	0	3	3.55	4.45
4	83	0	3	3.55	4.45
4	84	0	3	3.55	4.45
4	85	0	3	3.55	4.45
4	86	0	3	3.55	4.45
4	87	0	3	3.55	4.45
4	88	0	3	3.55	4.45
4	89	0	3	3.55	4.45
4	90	0	3	3.55	4.45
4	91	0	3	3.55	4.45
4	92	0	3	3.55	4.45
4	93	0	3	3.55	4.45
4	94	0	3	3.55	4.45
4	95	0	3	3.55	4.45
4	96	0	3	3.55	4.45
4	97	0	3	3.55	4.45
4	98	0	3	3.55	4.45
4	99	0	3	3.55	4.45
4	100	0	3	3.55	4.45
4	101	0	3	3.55	4.45
4	102	0	3	3.55	4.45
4	103	0	3	3.55	4.45
4	104	0	3	3.55	4.45
4	105	0	3	3.55	4.45
4	106	0	3	3.55	4.45
4	107	0	3	3.55	4.45
4	108	0	4	3.55	4.45
4	109	0	4	3.55	4.45
4	110	0	4	3.55	4.45
4	111	0	4	3.55	4.45
4	112	0	4	3.55	4.45
4	113	0	4	3.55	4.45
4	114	0	4	3.55	4.45
4	115	0	4	3.55	4.45
4	116	0	4	3.55	4.45
4	117	0	4	3.55	4.45
4	118	0	4	3.55	4.45
4	119	0	4	3.55	4.45
4	120	0	4	3.55	4.45
4	121	0	4	3.55	4.45
4	122	0	4	3.55	4.45
4	123	0	4	3.55	4.45
4	124	0	4	3.55	4.45
4	125	0	4	3.55	4.45
4	126	0	4	3.55	4.45
4	127	0	4	3.55	4.45
4	128	0	4	3.55	4.45
4	129	0	4	3.55	4.45
4	130	0	4	3.55	4.45
4	131	0	4	3.55	4.45
4	132	0	4	3.55	4.45
4	133	0	4	3.55	4.45
4	134	0	5	3.55	4.45
4	135	0	5	3.55	4.45
4	136	0	5	3.55	4.45
4	137	0	5	3.55	4.45
4	138	0	5	3.55	4.45
4	139	0	5	3.55	4.45
4	140	0	5	3.55	4.45
4	141	0	5	3.55	4.45
4	142	0	5	3.55	4.45
4	143	0	5	3.55	4.45
4	144	0	5	3.55	4.45
4	145	0	5	3.55	4.45
4	146	0	5	3.55	4.45
4	147	0	5	3.55	4.45
4	148	0	5	3.55	4.45
4	149	0	5	3.55	4.45
4	150	0	5	3.55	4.45
4	151	0	5	3.55	4.45
4	152	0	5	3.55	4.45
4	153	0	5	3.55	4.45
4	154	0	5	3.55	4.45
4	155	0	5	3.55	4.45
4	156	0	5	3.55	4.45
4	157	0	5	3.55	4.45
4	158	0	5	3.55	4.45
4	159	0	5	3.55	4.45
4	160	0	5	3.55	4.45
4	161	0	5	3.55	4.45
4	162	0	5	3.55	4.45
4	163	0	5	3.55	4.45
4	164	0	5	3.55	4.45
4	165	0	5	3.55	4.45
4	166	0	5	3.55	4.45
4	167	0	5	3.55	4.45
4	168	0	6	3.55	4.45
4	169	0	6	3.55	4.45
4	170	0	6	3.55	4.45
4	171	0	6	3.55	4.45
4	172	0	6	3.55	4.45
4	173	0	6	3.55	4.45
4	174	0	6	3.55	4.45
4	175	0	6	3.55	4.45
4	176	0	6	3.55	4.45
4	177	0	6	3.55	4.45
4	178	0	6	3.55	4.45
4	179	0	6	3.55	4.45
4	180	0	6	3.55	4.45
4	181	0	6	3.55	4.45
4	182	0	6	3.55	4.45
4	183	0	6	3.55	4.45
4	184	0	6	3.55	4.45
4	185	0	6	3.55	4.45
4	186	0	6	3.55	4.45
4	187	0	6	3.55	4.45
4	188	0	6	3.55	4.45
4	189	0	6	3.55	4.45
4	190	0	6	3.55	4.45
4	191	0	6	3.55	4.45
4	192	0	6	3.55	4.45
4	193	0	6	3.55	4.45
4	194	0	6	3.55	4.45
4	195	0	6	3.55	4.45
4	196	0	6	3.55	4.45
4	197	0	6	3.55	4.45
4	198	0	6	3.55	4.45
4	199	0	6	3.55	4.45
4	200	0	6	3.55	4.45
4	201	0	6	3.55	4.45
4	202	0	6	3.55	4.45
4	203	0	6	3.55	4.45
4	204	0	6	3.55	4.45
4	205	0	6	3.55	4.45
4	206	0	6	3.55	4.45
4	207	0	6	3.55	4.45
4	208	0	6	3.55	4.45
4	209	0	6	3.55	4.45
4	210	0	6	3.55	4.45
4	211	0	6	3.55	4.45
4	212	0	6	3.55	4.45
4	213	0	6	3.55	4.45
4	214	0	6	3.55	4.45
4	215	0	6	3.55	4.45
4	216	0	6	3.55	4.45
4	217	0	6	3.55	4.45
4	218	0	6	3.55	4.45
4	219	0	6	3.55	4.45
4	220	0	6	3.55	4.45
4	221	0	6	3.55	4.45
4	222	0	6	3.55	4.45
4	223	0	6	3.55	4.45
4	224	0	6	3.55	4.45
4	225	0	6	3.55	4.45
4	226	0	6	3.55	4.45
4	227	0	6	3.55	4.45
4	228	0	6	3.55	4.45
4	229	0	6	3.55	4.45
4	230	0	6	3.55	4.45
4	231	0	6	3.55	4.45
4	232	0	6	3.55	4.45
4	233	0	6	3.55	4.45
4	234	0	6	3.55	4.45
4	235	0	6	3.55	4.45
4	236	0	6	3.55	4.45
4	237	0	6	3.55	4.45
4	238	0	6	3.55	4.45
4	239	0	6	3.55	4.45
4	240	0	6	3.55	4.45
4	241	0	7	3.55	4.45
4	242	0	7	3.55	4.45
4	243	0	7	3.55	4.45
4	244	0	7	3.55	4.45
4	245	0	7	3.55	4.45
4	246	0	7	3.55	4.45
4	247	0	7	3.55	4.45
4	248	0	7	3.55	4.45
4	249	0	7	3.55	4.45
4	250	0	7	3.55	4.45
4	251	0	7	3.55	4.45
4	252	0	7	3.55	4.45
4	253	0	7	3.55	4.45
4	254	0	7	3.55	4.45
4	255	0	7	3.55	4.45
4	256	0	7	3.55	4.45
4	257	0	7	3.55	4.45
4	258	0	7	3.55	4.45
4	259	0	7	3.55	4.45
4	260	0	7	3.55	4.45
4	261	0	7	3.55	4.45
4	262	0	7	3.55	4.45
4	263	0	7	3.55	4.45
4	264	0	7	3.55	4.45
4	265	0	7	3.55	4.45
4	266	0	7	3.55	4.45
4	267	0	7	3.55	4.45
4	268	0	7	3.55	4.45
4	269	0	7	3.55	4.45
4	270	0	7	3.55	4.45
4	271	0	7	3.55	4.45
4	272	0	7	3.55	4.45
4	273	0	7	3.55	4.45
4	274	0	7	3.55	4.45
4	275	0	7	3.55	4.45
4	276	0	7	3.55	4.45
4	277	0	7	3.55	4.45
4	278	0	7	3.55	4.45
4	279	0	7	3.55	4.45
4	280	0	7	3.55	4.45
4	281	0	8	3.55	4.45
4	282	0	9	3.55	4.45
4	283	0	9	3.55	4.45
4	284	0	9	3.55	4.45
4	285	0	9	3.55	4.45
4	286	0	9	3.55	4.45
4	287	0	9	3.55	4.45
4	288	0	9	3.55	4.45
4	289	0	9	3.55	4.45
4	290	0	9	3.55	4.45
4	291	0	9	3.55	4.45
4	292	0	9	3.55	4.45
4	293	0	9	3.55	4.45
4	294	0	9	3.55	4.45
4	295	0	9	3.55	4.45
4	296	0	9	3.55	4.45
4	297	0	9	3.55	4.45
4	298	0	9	3.55	4.45
4	299	0	9	3.55	4.45
4	300	0	9	3.55	4.45
5	1	0	0	4.55	5.45
5	2	0	0	4.55	5.45
5	3	0	0	4.55	5.45
5	4	0	0	4.55	5.45
5	5	0	0	4.55	5.45
5	6	0	0	4.55	5.45
5	7	0	0	4.55	5.45
5	8	0	0	4.55	5.45
5	9	0	0	4.55	5.45
5	10	0	0	4.55	5.45
5	11	0	0	4.55	5.45
5	12	0	0	4.55	5.45
5	13	0	0	4.55	5.45
5	14	0	0	4.55	5.45
5	15	0	0	4.55	5.45
5	16	0	0	4.55	5.45
5	17	0	0	4.55	5.45
5	18	0	0	4.55	5.45
5	19	0	0	4.55	5.45
5	20	0	0	4.55	5.45
5	21	0	0	4.55	5.45
5	22	0	0	4.55	5.45
5	23	0	0	4.55	5.45
5	24	0	1	4.55	5.45
5	25	0	1	4.55	5.45
5	26	0	1	4.55	5.45
5	27	0	1	4.55	5.45
5	28	0	1	4.55	5.45
5	29	0	1	4.55	5.45
5	30	0	1	4.55	5.45
5	31	0	1	4.55	5.45
5	32	0	1	4.55	5.45
5	33	0	2	4.55	5.45
5	34	0	2	4.55	5.45
5	35	0	2	4.55	5.45
5	36	0	2	4.55	5.45
5	37	0	2	4.55	5.45
5	38	0	2	4.55	5.45
5	39	0	2	4.55	5.45
5	40	0	2	4.55	5.45
5	41	0	2	4.55	5.45
5	42	0	2	4.55	5.45
5	43	0	2	4.55	5.45
5	44	0	2	4.55	5.45
5	45	0	2	4.55	5.45
5	46	0	2	4.55	5.45
5	47	0	2	4.55	5.45
5	48	0	2	4.55	5.45
5	49	0	2	4.55	5.45
5	50	0	2	4.55	5.45
5	51	0	2	4.55	5.45
5	52	0	3	4.55	5.45
5	53	0	3	4.55	5.45
5	54	0	3	4.55	5.45
5	55	0	3	4.55	5.45
5	56	0	3	4.55	5.45
5	57	0	3	4.55	5.45
5	58	0	3	4.55	5.45
5	59	0	3	4.55	5.45
5	60	0	3	4.55	5.45
5	61	0	3	4.55	5.45
5	62	0	3	4.55	5.45
5	63	0	3	4.55	5.45
5	64	0	3	4.55	5.45
5	65	0	3	4.55	5.45
5	66	0	3	4.55	5.45
5	67	0	3	4.55	5.45
5	68	0	4	4.55	5.45
5	69	0	4	4.55	5.45
5	70	0	4	4.55	5.45
5	71	0	4	4.55	5.45
5	72	0	4	4.55	5.45
5	73	0	4	4.55	5.45
5	74	0	4	4.55	5.45
5	75	0	4	4.55	5.45
5	76	0	4	4.55	5.45
5	77	0	4	4.55	5.45
5	78	0	4	4.55	5.45
5	79	0	4	4.55	5.45
5	80	0	4	4.55	5.45
5	81	0	4	4.55	5.45
5	82	0	4	4.55	5.45
5	83	0	4	4.55	5.45
5	84	0	4	4.55	5.45
5	85	0	4	4.55	5.45
5	86	0	4	4.55	5.45
5	87	0	4	4.55	5.45
5	88	0	4	4.55	5.45
5	89	0	4	4.55	5.45
5	90	0	4	4.55	5.45
5	91	0	4	4.55	5.45
5	92	0	4	4.55	5.45
5	93	0	4	4.55	5.45
5	94	0	4	4.55	5.45
5	95	0	4	4.55	5.45
5	96	0	4	4.55	5.45
5	97	0	4	4.55	5.45
5	98	0	5	4.55	5.45
5	99	0	5	4.55	5.45
5	100	0	5	4.55	5.45
5	101	0	5	4.55	5.45
5	102	0	5	4.55	5.45
5	103	0	5	4.55	5.45
5	104	0	5	4.55	5.45
5	105	0	5	4.55	5.45
5	106	0	5	4.55	5.45
5	107	0	5	4.55	5.45
5	108	0	5	4.55	5.45
5	109	0	5	4.55	5.45
5	110	0	5	4.55	5.45
5	111	0	5	4.55	5.45
5	112	0	5	4.55	5.45
5	113	0	5	4.55	5.45
5	114	0	5	4.55	5.45
5	115	0	5	4.55	5.45
5	116	0	5	4.55	5.45
5	117	0	5	4.55	5.45
5	118	0	5	4.55	5.45
5	119	0	5	4.55	5.45
5	120	0	5	4.55	5.45
5	121	0	5	4.55	5.45
5	122	0	5	4.55	5.45
5	123	0	5	4.55	5.45
5	124	0	5	4.55	5.45
5	125	0	5	4.55	5.45
5	126	0	5	4.55	5.45
5	127	0	5	4.55	5.45
5	128	0	5	4.55	5.45
5	129	0	5	4.55	5.45
5	130	0	5	4.55	5.45
5	131	0	6	4.55	5.45
5	132	0	6	4.55	5.45
5	133	0	6	4.55	5.45
5	134	0	6	4.55	5.45
5	135	0	6	4.55	5.45
5	136	0	6	4.55	5.45
5	137	0	6	4.55	5.45
5	138	0	6	4.55	5.45
5	139	0	7	4.55	5.45
5	140	0	7	4.55	5.45
5	141	0	7	4.55	5.45
5	142	0	7	4.55	5.45
5	143	0	7	4.55	5.45
5	144	0	7	4.55	5.45
5	145	0	7	4.55	5.45
5	146	0	7	4.55	5.45
5	147	0	7	4.55	5.45
5	148	0	8	4.55	5.45
5	149	0	8	4.55	5.45
5	150	0	8	4.55	5.45
5	151	0	8	4.55	5.45
5	152	0	8	4.55	5.45
5	153	0	8	4.55	5.45
5	154	0	8	4.55	5.45
5	155	0	8	4.55	5.45
5	156	0	8	4.55	5.45
5	157	0	8	4.55	5.45
5	158	0	8	4.55	5.45
5	159	0	8	4.55	5.45
5	160	0	8	4.55	5.45
5	161	0	8	4.55	5.45
5	162	0	8	4.55	5.45
5	163	0	8	4.55	5.45
5	164	0	8	4.55	5.45
5	165	0	8	4.55	5.45
5	166	0	8	4.55	5.45
5	167	0	8	4.55	5.45
5	168	0	8	4.55	5.45
5	169	0	8	4.55	5.45
5	170	0	8	4.55	5.45
5	171	0	9	4.55	5.45
5	172	0	9	4.55	5.45
5	173	0	10	4.55	5.45
5	174	0	11	4.55	5.45
5	175	0	12	4.55	5.45
5	176	0	12	4.55	5.45
5	177	0	12	4.55	5.45
5	178	0	12	4.55	5.45
5	179	0	12	4.55	5.45
5	180	0	12	4.55	5.45
5	181	0	12	4.55	5.45
5	182	0	12	4.55	5.45
5	183	0	12	4.55	5.45
5	184	0	12	4.55	5.45
5	185	0	12	4.55	5.45
5	186	0	12	4.55	5.45
5	187	0	13	4.55	5.45
5	188	0	13	4.55	5.45
5	189	0	13	4.55	5.45
5	190	0	13	4.55	5.45
5	191	0	13	4.55	5.45
5	192	0	13	4.55	5.45
5	193	0	13	4.55	5.45
5	194	0	13	4.55	5.45
5	195	0	14	4.55	5.45
5	196	0	14	4.55	5.45
5	197	0	14	4.55	5.45
5	198	0	14	4.55	5.45
5	199	0	14	4.55	5.45
5	200	0	14	4.55	5.45
5	201	0	14	4.55	5.45
5	202	0	14	4.55	5.45
5	203	0	14	4.55	5.45
5	204	0	14	4.55	5.45
5	205	0	15	4.55	5.45
5	206	0	15	4.55	5.45
5	207	0	16	4.55	5.45
5	208	0	16	4.55	5.45
5	209	0	16	4.55	5.45
5	210	0	16	4.55	5.45
5	211	0	16	4.55	5.45
5	212	0	16	4.55	5.45
5	213	0	17	4.55	5.45
5	214	0	17	4.55	5.45
5	215	0	17	4.55	5.45
5	216	0	17	4.55	5.45
5	217	0	18	4.55	5.45
5	218	0	18	4.55	5.45
5	219	0	18	4.55	5.45
5	220	0	18	4.55	5.45
5	221	0	18	4.55	5.45
5	222	0	18	4.55	5.45
5	223	0	18	4.55	5.45
5	224	0	18	4.55	5.45
5	225	0	18	4.55	5.45
5	226	0	18	4.55	5.45
5	227	0	19	4.55	5.45
5	228	0	19	4.55	5.45
5	229	0	20	4.55	5.45
5	230	0	20	4.55	5.45
5	231	0	20	4.55	5.45
5	232	0	20	4.55	5.45
5	233	0	21	4.55	5.45
5	234	0	21	4.55	5.45
5	235	0	21	4.55	5.45
5	236	0	22	4.55	5.45
5	237	0	22	4.55	5.45
5	238	0	22	4.55	5.45
5	239	0	23	4.55	5.45
5	240	0	23	4.55	5.45
5	241	0	23	4.55	5.45
5	242	0	23	4.55	5.45
5	243	0	23	4.55	5.45
5	244	0	23	4.55	5.45
5	245	0	24	4.55	5.45
5	246	0	24	4.55	5.45
5	247	0	24	4.55	5.45
5	248	0	24	4.55	5.45
5	249	0	24	4.55	5.45
5	250	0	24	4.55	5.45
5	251	0	24	4.55	5.45
5	252	0	24	4.55	5.45
5	253	0	24	4.55	5.45
5	254	0	25	4.55	5.45
5	255	0	25	4.55	5.45
5	256	0	25	4.55	5.45
5	257	0	25	4.55	5.45
5	258	0	26	4.55	5.45
5	259	0	26	4.55	5.45
5	260	0	27	4.55	5.45
5	261	0	28	4.55	5.45
5	262	0	28	4.55	5.45
5	263	0	28	4.55	5.45
5	264	0	28	4.55	5.45
5	265	0	28	4.55	5.45
5	266	0	28	4.55	5.45
5	267	0	28	4.55	5.45
5	268	0	28	4.55	5.45
5	269	0	28	4.55	5.45
5	270	0	28	4.55	5.45
5	271	0	28	4.55	5.45
5	272	0	28	4.55	5.45
5	273	0	28	4.55	5.45
5	274	0	28	4.55	5.45
5	275	0	28	4.55	5.45
5	276	0	28	4.55	5.45
5	277	0	28	4.55	5.45
5	278	0	28	4.55	5.45
5	279	0	28	4.55	5.45
5	280	0	29	4.55	5.45
5	281	0	29	4.55	5.45
5	282	0	29	4.55	5.45
5	283	0	29	4.55	5.45
5	284	0	29	4.55	5.45
5	285	0	29	4.55	5.45
5	286	0	29	4.55	5.45
5	287	0	29	4.55	5.45
5	288	0	29	4.55	5.45
5	289	0	29	4.55	5.45
5	290	0	29	4.55	5.45
5	291	0	29	4.55	5.45
5	292	0	29	4.55	5.45
5	293	0	29	4.55	5.45
5	294	0	29	4.55	5.45
5	295	0	29	4.55	5.45
5	296	0	30	4.55	5.45
5	297	0	30	4.55	5.45
5	298	0	30	4.55	5.45
5	299	0	31	4.55	5.45
5	300	0	31	4.55	5.45
6	1	0	0	5.55	6.45
6	2	0	0	5.55	6.45
6	3	0	0	5.55	6.45
6	4	0	0	5.55	6.45
6	5	0	0	5.55	6.45
6	6	0	0	5.55	6.45
6	7	0	0	5.55	6.45
6	8	0	0	5.55	6.45
6	9	0	0	5.55	6.45
6	10	0	0	5.55	6.45
6	11	0	0	5.55	6.45
6	12	0	0	5.55	6.45
6	13	0	0	5.55	6.45
6	14	0	0	5.55	6.45
6	15	0	0	5.55	6.45
6	16	0	0	5.55	6.45
6	17	0	0	5.55	6.45
6	18	0	0	5.55	6.45
6	19	0	0	5.55	6.45
6	20	0	1	5.55	6.45
6	21	0	1	5.55	6.45
6	22	0	1	5.55	6.45
6	23	0	1	5.55	6.45
6	24	0	1	5.55	6.45
6	25	0	1	5.55	6.45
6	26	0	1	5.55	6.45
6	27	0	1	5.55	6.45
6	28	0	1	5.55	6.45
6	29	0	1	5.55	6.45
6	30	0	1	5.55	6.45
6	31	0	1	5.55	6.45
6	32	0	1	5.55	6.45
6	33	0	1	5.55	6.45
6	34	0	1	5.55	6.45
6	35	0	1	5.55	6.45
6	36	0	1	5.55	6.45
6	37	0	1	5.55	6.45
6	38	0	1	5.55	6.45
6	39	0	1	5.55	6.45
6	40	0	1	5.55	6.45
6	41	0	1	5.55	6.45
6	42	0	1	5.55	6.45
6	43	0	1	5.55	6.45
6	44	0	1	5.55	6.45
6	45	0	1	5.55	6.45
6	46	0	1	5.55	6.45
6	47	0	1	5.55	6.45
6	48	0	1	5.55	6.45
6	49	0	1	5.55	6.45
6	50	0	2	5.55	6.45
6	51	0	2	5.55	6.45
6	52	0	2	5.55	6.45
6	53	0	2	5.55	6.45
6	54	0	2	5.55	6.45
6	55	0	2	5.55	6.45
6	56	0	3	5.55	6.45
6	57	0	3	5.55	6.45
6	58	0	3	5.55	6.45
6	59	0	3	5.55	6.45
6	60	0	3	5.55	6.45
6	61	0	3	5.55	6.45
6	62	0	3	5.55	6.45
6	63	0	3	5.55	6.45
6	64	0	3	5.55	6.45
6	65	0	3	5.55	6.45
6	66	0	3	5.55	6.45
6	67	0	3	5.55	6.45
6	68	0	3	5.55	6.45
6	69	0	4	5.55	6.45
6	70	0	4	5.55	6.45
6	71	0	4	5.55	6.45
6	72	0	5	5.55	6.45
6	73	0	5	5.55	6.45
6	74	0	6	5.55	6.45
6	75	0	6	5.55	6.45
6	76	0	6	5.55	6.45
6	77	0	6	5.55	6.45
6	78	0	6	5.55	6.45
6	79	0	6	5.55	6.45
6	80	0	6	5.55	6.45
6	81	0	6	5.55	6.45
6	82	0	6	5.55	6.45
6	83	0	6	5.55	6.45
6	84	0	6	5.55	6.45
6	85	0	6	5.55	6.45
6	86	0	6	5.55	6.45
6	87	0	6	5.55	6.45
6	88	0	6	5.55	6.45
6	89	0	6	5.55	6.45
6	90	0	6	5.55	6.45
6	91	0	7	5.55	6.45
6	92	0	7	5.55	6.45
6	93	0	7	5.55	6.45
6	94	0	7	5.55	6.45
6	95	0	7	5.55	6.45
6	96	0	8	5.55	6.45
6	97	0	8	5.55	6.45
6	98	0	8	5.55	6.45
6	99	0	9	5.55	6.45
6	100	0	10	5.55	6.45
6	101	0	10	5.55	6.45
6	102	0	10	5.55	6.45
6	103	0	10	5.55	6.45
6	104	0	10	5.55	6.45
6	105	0	11	5.55	6.45
6	106	0	11	5.55	6.45
6	107	0	11	5.55	6.45
6	108	0	11	5.55	6.45
6	109	0	11	5.55	6.45
6	110	0	11	5.55	6.45
6	111	0	11	5.55	6.45
6	112	0	11	5.55	6.45
6	113	0	11	5.55	6.45
6	114	0	11	5.55	6.45
6	115	0	11	5.55	6.45
6	116	0	11	5.55	6.45
6	117	0	12	5.55	6.45
6	118	0	12	5.55	6.45
6	119	0	12	5.55	6.45
6	120	0	13	5.55	6.45
6	121	0	13	5.55	6.45
6	122	0	13	5.55	6.45
6	123	0	13	5.55	6.45
6	124	0	14	5.55	6.45
6	125	0	15	5.55	6.45
6	126	0	16	5.55	6.45
6	127	0	16	5.55	6.45
6	128	0	17	5.55	6.45
6	129	0	17	5.55	6.45
6	130	0	17	5.55	6.45
6	131	0	17	5.55	6.45
6	132	0	17	5.55	6.45
6	133	0	18	5.55	6.45
6	134	0	18	5.55	6.45
6	135	0	18	5.55	6.45
6	136	0	18	5.55	6.45
6	137	0	18	5.55	6.45
6	138	0	19	5.55	6.45
6	139	0	19	5.55	6.45
6	140	0	19	5.55	6.45
6	141	0	19	5.55	6.45
6	142	0	19	5.55	6.45
6	143	0	19	5.55	6.45
6	144	0	19	5.55	6.45
6	145	0	19	5.55	6.45
6	146	0	20	5.55	6.45
6	147	0	20	5.55	6.45
6	148	0	20	5.55	6.45
6	149	0	20	5.55	6.45
6	150	0	20	5.55	6.45
6	151	0	20	5.55	6.45
6	152	0	20	5.55	6.45
6	153	0	20	5.55	6.45
6	154	0	21	5.55	6.45
6	155	0	22	5.55	6.45
6	156	0	22	5.55	6.45
6	157	0	22	5.55	6.45
6	158	0	23	5.55	6.45
6	159	0	23	5.55	6.45
6	160	0	23	5.55	6.45
6	161	0	23	5.55	6.45
6	162	0	23	5.55	6.45
6	163	0	23	5.55	6.45
6	164	0	24	5.55	6.45
6	165	0	24	5.55	6.45
6	166	0	24	5.55	6.45
6	167	0	25	5.55	6.45
6	168	0	25	5.55	6.45
6	169	0	25	5.55	6.45
6	170	0	25	5.55	6.45
6	171	0	25	5.55	6.45
6	172	0	26	5.55	6.45
6	173	0	26	5.55	6.45
6	174	0	26	5.55	6.45
6	175	0	26	5.55	6.45
6	176	0	26	5.55	6.45
6	177	0	27	5.55	6.45
6	178	0	27	5.55	6.45
6	179	0	28	5.55	6.45
6	180	0	29	5.55	6.45
6	181	0	29	5.55	6.45
6	182	0	29	5.55	6.45
6	183	0	29	5.55	6.45
6	184	0	29	5.55	6.45
6	185	0	29	5.55	6.45
6	186	0	29	5.55	6.45
6	187	0	29	5.55	6.45
6	188	0	29	5.55	6.45
6	189	0	29	5.55	6.45
6	190	0	29	5.55	6.45
6	191	0	29	5.55	6.45
6	192	0	29	5.55	6.45
6	193	0	29	5.55	6.45
6	194	0	29	5.55	6.45
6	195	0	29	5.55	6.45
6	196	0	29	5.55	6.45
6	197	0	29	5.55	6.45
6	198	0	29	5.55	6.45
6	199	0	29	5.55	6.45
6	200	0	29	5.55	6.45
6	201	0	29	5.55	6.45
6	202	0	29	5.55	6.45
6	203	0	30	5.55	6.45
6	204	0	31	5.55	6.45
6	205	0	31	5.55	6.45
6	206	0	31	5.55	6.45
6	207	0	31	5.55	6.45
6	208	0	31	5.55	6.45
6	209	0	31	5.55	6.45
6	210	0	31	5.55	6.45
6	211	0	31	5.55	6.45
6	212	0	31	5.55	6.45
6	213	0	31	5.55	6.45
6	214	0	31	5.55	6.45
6	215	0	31	5.55	6.45
6	216	0	32	5.55	6.45
6	217	0	32	5.55	6.45
6	218	0	32	5.55	6.45
6	219	0	32	5.55	6.45
6	220	0	32	5.55	6.45
6	221	0	32	5.55	6.45
6	222	0	32	5.55	6.45
6	223	0	32	5.55	6.45
6	224	0	32	5.55	6.45
6	225	0	32	5.55	6.45
6	226	0	32	5.55	6.45
6	227	0	32	5.55	6.45
6	228	0	32	5.55	6.45
6	229	0	32	5.55	6.45
6	230	0	32	5.55	6.45
6	231	0	32	5.55	6.45
6	232	0	32	5.55	6.45
6	233	0	32	5.55	6.45
6	234	0	32	5.55	6.45
6	235	0	32	5.55	6.45
6	236	0	32	5.55	6.45
6	237	0	33	5.55	6.45
6	238	0	34	5.55	6.45
6	239	0	34	5.55	6.45
6	240	0	34	5.55	6.45
6	241	0	34	5.55	6.45
6	242	0	34	5.55	6.45
6	243	0	35	5.55	6.45
6	244	0	36	5.55	6.45
6	245	0	36	5.55	6.45
6	246	0	36	5.55	6.45
6	247	0	36	5.55	6.45
6	248	0	36	5.55	6.45
6	249	0	36	5.55	6.45
6	250	0	36	5.55	6.45
6	251	0	36	5.55	6.45
6	252	0	36	5.55	6.45
6	253	0	36	5.55	6.45
6	254	0	36	5.55	6.45
6	255	0	36	5.55	6.45
6	256	0	36	5.55	6.45
6	257	0	36	5.55	6.45
6	258	0	36	5.55	6.45
6	259	0	36	5.55	6.45
6	260	0	36	5.55	6.45
6	261	0	36	5.55	6.45
6	262	0	37	5.55	6.45
6	263	0	37	5.55	6.45
6	264	0	37	5.55	6.45
6	265	0	37	5.55	6.45
6	266	0	37	5.55	6.45
6	267	0	37	5.55	6.45
6	268	0	37	5.55	6.45
6	269	0	37	5.55	6.45
6	270	0	38	5.55	6.45
6	271	0	38	5.55	6.45
6	272	0	39	5.55	6.45
6	273	0	40	5.55	6.45
6	274	0	40	5.55	6.45
6	275	0	41	5.55	6.45
6	276	0	41	5.55	6.45
6	277	0	41	5.55	6.45
6	278	0	41	5.55	6.45
6	279	0	41	5.55	6.45
6	280	0	41	5.55	6.45
6	281	0	41	5.55	6.45
6	282	0	41	5.55	6.45
6	283	0	41	5.55	6.45
6	284	0	42	5.55	6.45
6	285	0	42	5.55	6.45
6	286	0	42	5.55	6.45
6	287	0	42	5.55	6.45
6	288	0	42	5.55	6.45
6	289	0	42	5.55	6.45
6	290	0	42	5.55	6.45
6	291	0	42	5.55	6.45
6	292	0	43	5.55	6.45
6	293	0	43	5.55	6.45
6	294	0	43	5.55	6.45
6	295	0	43	5.55	6.45
6	296	0	43	5.55	6.45
6	297	0	43	5.55	6.45
6	298	0	43	5.55	6.45
6	299	0	43	5.55	6.45
6	300	0	43	5.55	6.45
7	1	0	0	6.55	7.45
7	2	0	0	6.55	7.45
7	3	0	0	6.55	7.45
7	4	0	0	6.55	7.45
7	5	0	0	6.55	7.45
7	6	0	0	6.55	7.45
7	7	0	0	6.55	7.45
7	8	0	0	6.55	7.45
7	9	0	0	6.55	7.45
7	10	0	0	6.55	7.45
7	11	0	0	6.55	7.45
7	12	0	0	6.55	7.45
7	13	0	0	6.55	7.45
7	14	0	0	6.55	7.45
7	15	0	0	6.55	7.45
7	16	0	1	6.55	7.45
7	17	0	1	6.55	7.45
7	18	0	1	6.55	7.45
7	19	0	2	6.55	7.45
7	20	0	2	6.55	7.45
7	21	0	2	6.55	7.45
7	22	0	2	6.55	7.45
7	23	0	3	6.55	7.45
7	24	0	3	6.55	7.45
7	25	0	3	6.55	7.45
7	26	0	3	6.55	7.45
7	27	0	4	6.55	7.45
7	28	0	4	6.55	7.45
7	29	0	4	6.55	7.45
7	30	0	4	6.55	7.45
7	31	0	4	6.55	7.45
7	32	0	4	6.55	7.45
7	33	0	4	6.55	7.45
7	34	0	4	6.55	7.45
7	35	0	5	6.55	7.45
7	36	0	5	6.55	7.45
7	37	0	5	6.55	7.45
7	38	0	6	6.55	7.45
7	39	0	6	6.55	7.45
7	40	0	6	6.55	7.45
7	41	0	6	6.55	7.45
7	42	0	7	6.55	7.45
7	43	0	8	6.55	7.45
7	44	0	8	6.55	7.45
7	45	0	8	6.55	7.45
7	46	0	9	6.55	7.45
7	47	0	10	6.55	7.45
7	48	0	10	6.55	7.45
7	49	0	10	6.55	7.45
7	50	0	10	6.55	7.45
7	51	0	10	6.55	7.45
7	52	0	10	6.55	7.45
7	53	0	11	6.55	7.45
7	54	0	11	6.55	7.45
7	55	0	11	6.55	7.45
7	56	0	11	6.55	7.45
7	57	0	11	6.55	7.45
7	58	0	11	6.55	7.45
7	59	0	11	6.55	7.45
7	60	0	12	6.55	7.45
7	61	0	12	6.55	7.45
7	62	0	12	6.55	7.45
7	63	0	13	6.55	7.45
7	64	0	14	6.55	7.45
7	65	0	14	6.55	7.45
7	66	0	15	6.55	7.45
7	67	0	15	6.55	7.45
7	68	0	15	6.55	7.45
7	69	0	15	6.55	7.45
7	70	0	15	6.55	7.45
7	71	0	15	6.55	7.45
7	72	0	15	6.55	7.45
7	73	0	15	6.55	7.45
7	74	0	15	6.55	7.45
7	75	0	15	6.55	7.45
7	76	0	15	6.55	7.45
7	77	0	16	6.55	7.45
7	78	0	16	6.55	7.45
7	79	0	17	6.55	7.45
7	80	0	18	6.55	7.45
7	81	0	19	6.55	7.45
7	82	0	20	6.55	7.45
7	83	0	20	6.55	7.45
7	84	0	20	6.55	7.45
7	85	0	20	6.55	7.45
7	86	0	20	6.55	7.45
7	87	0	20	6.55	7.45
7	88	0	20	6.55	7.45
7	89	0	20	6.55	7.45
7	90	0	20	6.55	7.45
7	91	0	20	6.55	7.45
7	92	0	20	6.55	7.45
7	93	0	20	6.55	7.45
7	94	0	20	6.55	7.45
7	95	0	21	6.55	7.45
7	96	0	21	6.55	7.45
7	97	0	21	6.55	7.45
7	98	0	21	6.55	7.45
7	99	0	21	6.55	7.45
7	100	0	21	6.55	7.45
7	101	0	21	6.55	7.45
7	102	0	22	6.55	7.45
7	103	0	22	6.55	7.45
7	104	0	22	6.55	7.45
7	105	0	22	6.55	7.45
7	106	0	23	6.55	7.45
7	107	0	23	6.55	7.45
7	108	0	23	6.55	7.45
7	109	0	23	6.55	7.45
7	110	0	24	6.55	7.45
7	111	0	24	6.55	7.45
7	112	0	25	6.55	7.45
7	113	0	25	6.55	7.45
7	114	0	25	6.55	7.45
7	115	0	25	6.55	7.45
7	116	0	25	6.55	7.45
7	117	0	25	6.55	7.45
7	118	0	25	6.55	7.45
7	119	0	25	6.55	7.45
7	120	0	25	6.55	7.45
7	121	0	26	6.55	7.45
7	122	0	27	6.55	7.45
7	123	0	27	6.55	7.45
7	124	0	27	6.55	7.45
7	125	0	27	6.55	7.45
7	126	0	27	6.55	7.45
7	127	0	27	6.55	7.45
7	128	0	27	6.55	7.45
7	129	0	28	6.55	7.45
7	130	0	28	6.55	7.45
7	131	0	28	6.55	7.45
7	132	0	29	6.55	7.45
7	133	0	29	6.55	7.45
7	134	0	29	6.55	7.45
7	135	0	29	6.55	7.45
7	136	0	29	6.55	7.45
7	137	0	29	6.55	7.45
7	138	0	29	6.55	7.45
7	139	0	29	6.55	7.45
7	140	0	29	6.55	7.45
7	141	0	29	6.55	7.45
7	142	0	29	6.55	7.45
7	143	0	29	6.55	7.45
7	144	0	29	6.55	7.45
7	145	0	29	6.55	7.45
7	146	0	29	6.55	7.45
7	147	0	29	6.55	7.45
7	148	0	29	6.55	7.45
7	149	0	29	6.55	7.45
7	150	0	30	6.55	7.45
7	151	0	30	6.55	7.45
7	152	0	30	6.55	7.45
7	153	0	31	6.55	7.45
7	154	0	31	6.55	7.45
7	155	0	31	6.55	7.45
7	156	0	31	6.55	7.45
7	157	0	31	6.55	7.45
7	158	0	31	6.55	7.45
7	159	0	32	6.55	7.45
7	160	0	32	6.55	7.45
7	161	0	32	6.55	7.45
7	162	0	32	6.55	7.45
7	163	0	32	6.55	7.45
7	164	0	32	6.55	7.45
7	165	0	32	6.55	7.45
7	166	0	33	6.55	7.45
7	167	0	33	6.55	7.45
7	168	0	33	6.55	7.45
7	169	0	33	6.55	7.45
7	170	0	33	6.55	7.45
7	171	0	33	6.55	7.45
7	172	0	33	6.55	7.45
7	173	0	33	6.55	7.45
7	174	0	33	6.55	7.45
7	175	0	33	6.55	7.45
7	176	0	34	6.55	7.45
7	177	0	34	6.55	7.45
7	178	0	34	6.55	7.45
7	179	0	34	6.55	7.45
7	180	0	34	6.55	7.45
7	181	0	35	6.55	7.45
7	182	0	35	6.55	7.45
7	183	0	36	6.55	7.45
7	184	0	36	6.55	7.45
7	185	0	36	6.55	7.45
7	186	0	37	6.55	7.45
7	187	0	37	6.55	7.45
7	188	0	37	6.55	7.45
7	189	0	37	6.55	7.45
7	190	0	37	6.55	7.45
7	191	0	37	6.55	7.45
7	192	0	38	6.55	7.45
7	193	0	39	6.55	7.45
7	194	0	40	6.55	7.45
7	195	0	40	6.55	7.45
7	196	0	41	6.55	7.45
7	197	0	42	6.55	7.45
7	198	0	42	6.55	7.45
7	199	0	42	6.55	7.45
7	200	0	43	6.55	7.45
7	201	0	43	6.55	7.45
7	202	0	44	6.55	7.45
7	203	0	44	6.55	7.45
7	204	0	44	6.55	7.45
7	205	0	44	6.55	7.45
7	206	0	45	6.55	7.45
7	207	0	45	6.55	7.45
7	208	0	45	6.55	7.45
7	209	0	45	6.55	7.45
7	210	0	45	6.55	7.45
7	211	0	45	6.55	7.45
7	212	0	46	6.55	7.45
7	213	0	46	6.55	7.45
7	214	0	47	6.55	7.45
7	215	0	47	6.55	7.45
7	216	0	47	6.55	7.45
7	217	0	47	6.55	7.45
7	218	0	48	6.55	7.45
7	219	0	48	6.55	7.45
7	220	0	48	6.55	7.45
7	221	0	48	6.55	7.45
7	222	0	49	6.55	7.45
7	223	0	50	6.55	7.45
7	224	0	51	6.55	7.45
7	225	0	51	6.55	7.45
7	226	0	51	6.55	7.45
7	227	0	51	6.55	7.45
7	228	0	51	6.55	7.45
7	229	0	51	6.55	7.45
7	230	0	51	6.55	7.45
7	231	0	51	6.55	7.45
7	232	0	51	6.55	7.45
7	233	0	51	6.55	7.45
7	234	0	51	6.55	7.45
7	235	0	51	6.55	7.45
7	236	0	51	6.55	7.45
7	237	0	51	6.55	7.45
7	238	0	51	6.55	7.45
7	239	0	51	6.55	7.45
7	240	0	52	6.55	7.45
7	241	0	52	6.55	7.45
7	242	0	52	6.55	7.45
7	243	0	52	6.55	7.45
7	244	0	52	6.55	7.45
7	245	0	52	6.55	7.45
7	246	0	53	6.55	7.45
7	247	0	54	6.55	7.45
7	248	0	54	6.55	7.45
7	249	0	54	6.55	7.45
7	250	0	54	6.55	7.45
7	251	0	54	6.55	7.45
7	252	0	54	6.55	7.45
7	253	0	54	6.55	7.45
7	254	0	54	6.55	7.45
7	255	0	55	6.55	7.45
7	256	0	56	6.55	7.45
7	257	0	57	6.55	7.45
7	258	0	57	6.55	7.45
7	259	0	57	6.55	7.45
7	260	0	57	6.55	7.45
7	261	0	57	6.55	7.45
7	262	0	57	6.55	7.45
7	263	0	57	6.55	7.45
7	264	0	57	6.55	7.45
7	265	0	57	6.55	7.45
7	266	0	57	6.55	7.45
7	267	0	57	6.55	7.45
7	268	0	57	6.55	7.45
7	269	0	57	6.55	7.45
7	270	0	57	6.55	7.45
7	271	0	57	6.55	7.45
7	272	0	57	6.55	7.45
7	273	0	57	6.55	7.45
7	274	0	58	6.55	7.45
7	275	0	58	6.55	7.45
7	276	0	58	6.55	7.45
7	277	0	59	6.55	7.45
7	278	0	60	6.55	7.45
7	279	0	60	6.55	7.45
7	280	0	60	6.55	7.45
7	281	0	60	6.55	7.45
7	282	0	60	6.55	7.45
7	283	0	60	6.55	7.45
7	284	0	60	6.55	7.45
7	285	0	60	6.55	7.45
7	286	0	61	6.55	7.45
7	287	0	61	6.55	7.45
7	288	0	61	6.55	7.45
7	289	0	61	6.55	7.45
7	290	0	61	6.55	7.45
7	291	0	62	6.55	7.45
7	292	0	62	6.55	7.45
7	293	0	63	6.55	7.45
7	294	0	63	6.55	7.45
7	295	0	63	6.55	7.45
7	296	0	63	6.55	7.45
7	297	0	63	6.55	7.45
7	298	0	63	6.55	7.45
7	299	0	63	6.55	7.45
7	300	0	63	6.55	7.45
8	1	0	0	7.55	8.45
8	2	0	0	7.55	8.45
8	3	0	0	7.55	8.45
8	4	0	0	7.55	8.45
8	5	0	0	7.55	8.45
8	6	0	0	7.55	8.45
8	7	0	0	7.55	8.45
8	8	0	0	7.55	8.45
8	9	0	0	7.55	8.45
8	10	0	0	7.55	8.45
8	11	0	0	7.55	8.45
8	12	0	0	7.55	8.45
8	13	0	0	7.55	8.45
8	14	0	1	7.55	8.45
8	15	0	2	7.55	8.45
8	16	0	2	7.55	8.45
8	17	0	3	7.55	8.45
8	18	0	4	7.55	8.45
8	19	0	4	7.55	8.45
8	20	0	4	7.55	8.45
8	21	0	4	7.55	8.45
8	22	0	5	7.55	8.45
8	23	0	5	7.55	8.45
8	24	0	5	7.55	8.45
8	25	0	6	7.55	8.45
8	26	0	7	7.55	8.45
8	27	0	7	7.55	8.45
8	28	0	8	7.55	8.45
8	29	0	9	7.55	8.45
8	30	0	10	7.55	8.45
8	31	0	10	7.55	8.45
8	32	0	10	7.55	8.45
8	33	0	10	7.55	8.45
8	34	0	10	7.55	8.45
8	35	0	10	7.55	8.45
8	36	0	11	7.55	8.45
8	37	0	12	7.55	8.45
8	38	0	12	7.55	8.45
8	39	0	12	7.55	8.45
8	40	0	12	7.55	8.45
8	41	0	12	7.55	8.45
8	42	0	12	7.55	8.45
8	43	0	12	7.55	8.45
8	44	0	12	7.55	8.45
8	45	0	12	7.55	8.45
8	46	0	12	7.55	8.45
8	47	0	12	7.55	8.45
8	48	0	12	7.55	8.45
8	49	0	12	7.55	8.45
8	50	0	12	7.55	8.45
8	51	0	13	7.55	8.45
8	52	0	13	7.55	8.45
8	53	0	13	7.55	8.45
8	54	0	13	7.55	8.45
8	55	0	13	7.55	8.45
8	56	0	13	7.55	8.45
8	57	0	13	7.55	8.45
8	58	0	13	7.55	8.45
8	59	0	14	7.55	8.45
8	60	0	14	7.55	8.45
8	61	0	14	7.55	8.45
8	62	0	14	7.55	8.45
8	63	0	14	7.55	8.45
8	64	0	14	7.55	8.45
8	65	0	15	7.55	8.45
8	66	0	15	7.55	8.45
8	67	0	16	7.55	8.45
8	68	0	16	7.55	8.45
8	69	0	16	7.55	8.45
8	70	0	17	7.55	8.45
8	71	0	17	7.55	8.45
8	72	0	17	7.55	8.45
8	73	0	17	7.55	8.45
8	74	0	17	7.55	8.45
8	75	0	17	7.55	8.45
8	76	0	17	7.55	8.45
8	77	0	17	7.55	8.45
8	78	0	17	7.55	8.45
8	79	0	17	7.55	8.45
8	80	0	17	7.55	8.45
8	81	0	17	7.55	8.45
8	82	0	17	7.55	8.45
8	83	0	18	7.55	8.45
8	84	0	18	7.55	8.45
8	85	0	18	7.55	8.45
8	86	0	19	7.55	8.45
8	87	0	20	7.55	8.45
8	88	0	20	7.55	8.45
8	89	0	20	7.55	8.45
8	90	0	21	7.55	8.45
8	91	0	21	7.55	8.45
8	92	0	22	7.55	8.45
8	93	0	22	7.55	8.45
8	94	0	23	7.55	8.45
8	95	0	23	7.55	8.45
8	96	0	23	7.55	8.45
8	97	0	23	7.55	8.45
8	98	0	23	7.55	8.45
8	99	0	23	7.55	8.45
8	100	0	23	7.55	8.45
8	101	0	23	7.55	8.45
8	102	0	23	7.55	8.45
8	103	0	23	7.55	8.45
8	104	0	24	7.55	8.45
8	105	0	24	7.55	8.45
8	106	0	24	7.55	8.45
8	107	0	25	7.55	8.45
8	108	0	25	7.55	8.45
8	109	0	26	7.55	8.45
8	110	0	26	7.55	8.45
8	111	0	26	7.55	8.45
8	112	0	26	7.55	8.45
8	113	0	26	7.55	8.45
8	114	0	26	7.55	8.45
8	115	0	27	7.55	8.45
8	116	0	27	7.55	8.45
8	117	0	27	7.55	8.45
8	118	0	27	7.55	8.45
8	119	0	28	7.55	8.45
8	120	0	28	7.55	8.45
8	121	0	28	7.55	8.45
8	122	0	28	7.55	8.45
8	123	0	28	7.55	8.45
8	124	0	28	7.55	8.45
8	125	0	28	7.55	8.45
8	126	0	28	7.55	8.45
8	127	0	29	7.55	8.45
8	128	0	29	7.55	8.45
8	129	0	29	7.55	8.45
8	130	0	29	7.55	8.45
8	131	0	29	7.55	8.45
8	132	0	29	7.55	8.45
8	133	0	29	7.55	8.45
8	134	0	29	7.55	8.45
8	135	0	30	7.55	8.45
8	136	0	31	7.55	8.45
8	137	0	31	7.55	8.45
8	138	0	31	7.55	8.45
8	139	0	31	7.55	8.45
8	140	0	32	7.55	8.45
8	141	0	33	7.55	8.45
8	142	0	33	7.55	8.45
8	143	0	33	7.55	8.45
8	144	0	33	7.55	8.45
8	145	0	34	7.55	8.45
8	146	0	34	7.55	8.45
8	147	0	35	7.55	8.45
8	148	0	35	7.55	8.45
8	149	0	36	7.55	8.45
8	150	0	36	7.55	8.45
8	151	0	36	7.55	8.45
8	152	0	37	7.55	8.45
8	153	0	37	7.55	8.45
8	154	0	37	7.55	8.45
8	155	0	37	7.55	8.45
8	156	0	38	7.55	8.45
8	157	0	38	7.55	8.45
8	158	0	38	7.55	8.45
8	159	0	38	7.55	8.45
8	160	0	39	7.55	8.45
8	161	0	40	7.55	8.45
8	162	0	41	7.55	8.45
8	163	0	42	7.55	8.45
8	164	0	42	7.55	8.45
8	165	0	42	7.55	8.45
8	166	0	42	7.55	8.45
8	167	0	42	7.55	8.45
8	168	0	42	7.55	8.45
8	169	0	43	7.55	8.45
8	170	0	43	7.55	8.45
8	171	0	43	7.55	8.45
8	172	0	43	7.55	8.45
8	173	0	43	7.55	8.45
8	174	0	43	7.55	8.45
8	175	0	43	7.55	8.45
8	176	0	43	7.55	8.45
8	177	0	43	7.55	8.45
8	178	0	43	7.55	8.45
8	179	0	43	7.55	8.45
8	180	0	43	7.55	8.45
8	181	0	43	7.55	8.45
8	182	0	43	7.55	8.45
8	183	0	43	7.55	8.45
8	184	0	44	7.55	8.45
8	185	0	44	7.55	8.45
8	186	0	44	7.55	8.45
8	187	0	44	7.55	8.45
8	188	0	44	7.55	8.45
8	189	0	44	7.55	8.45
8	190	0	44	7.55	8.45
8	191	0	45	7.55	8.45
8	192	0	45	7.55	8.45
8	193	0	45	7.55	8.45
8	194	0	45	7.55	8.45
8	195	0	45	7.55	8.45
8	196	0	45	7.55	8.45
8	197	0	45	7.55	8.45
8	198	0	45	7.55	8.45
8	199	0	45	7.55	8.45
8	200	0	45	7.55	8.45
8	201	0	45	7.55	8.45
8	202	0	45	7.55	8.45
8	203	0	45	7.55	8.45
8	204	0	45	7.55	8.45
8	205	0	45	7.55	8.45
8	206	0	45	7.55	8.45
8	207	0	45	7.55	8.45
8	208	0	45	7.55	8.45
8	209	0	45	7.55	8.45
8	210	0	45	7.55	8.45
8	211	0	45	7.55	8.45
8	212	0	45	7.55	8.45
8	213	0	45	7.55	8.45
8	214	0	45	7.55	8.45
8	215	0	46	7.55	8.45
8	216	0	46	7.55	8.45
8	217	0	46	7.55	8.45
8	218	0	46	7.55	8.45
8	219	0	47	7.55	8.45
8	220	0	47	7.55	8.45
8	221	0	48	7.55	8.45
8	222	0	48	7.55	8.45
8	223	0	48	7.55	8.45
8	224	0	48	7.55	8.45
8	225	0	48	7.55	8.45
8	226	0	48	7.55	8.45
8	227	0	48	7.55	8.45
8	228	0	49	7.55	8.45
8	229	0	49	7.55	8.45
8	230	0	49	7.55	8.45
8	231	0	49	7.55	8.45
8	232	0	49	7.55	8.45
8	233	0	49	7.55	8.45
8	234	0	50	7.55	8.45
8	235	0	50	7.55	8.45
8	236	0	50	7.55	8.45
8	237	0	50	7.55	8.45
8	238	0	50	7.55	8.45
8	239	0	50	7.55	8.45
8	240	0	50	7.55	8.45
8	241	0	50	7.55	8.45
8	242	0	50	7.55	8.45
8	243	0	50	7.55	8.45
8	244	0	50	7.55	8.45
8	245	0	50	7.55	8.45
8	246	0	50	7.55	8.45
8	247	0	50	7.55	8.45
8	248	0	51	7.55	8.45
8	249	0	51	7.55	8.45
8	250	0	52	7.55	8.45
8	251	0	52	7.55	8.45
8	252	0	52	7.55	8.45
8	253	0	52	7.55	8.45
8	254	0	52	7.55	8.45
8	255	0	52	7.55	8.45
8	256	0	52	7.55	8.45
8	257	0	52	7.55	8.45
8	258	0	52	7.55	8.45
8	259	0	53	7.55	8.45
8	260	0	53	7.55	8.45
8	261	0	53	7.55	8.45
8	262	0	53	7.55	8.45
8	263	0	53	7.55	8.45
8	264	0	53	7.55	8.45
8	265	0	53	7.55	8.45
8	266	0	54	7.55	8.45
8	267	0	54	7.55	8.45
8	268	0	55	7.55	8.45
8	269	0	56	7.55	8.45
8	270	0	56	7.55	8.45
8	271	0	57	7.55	8.45
8	272	0	57	7.55	8.45
8	273	0	57	7.55	8.45
8	274	0	57	7.55	8.45
8	275	0	57	7.55	8.45
8	276	0	58	7.55	8.45
8	277	0	58	7.55	8.45
8	278	0	58	7.55	8.45
8	279	0	59	7.55	8.45
8	280	0	59	7.55	8.45
8	281	0	59	7.55	8.45
8	282	0	59	7.55	8.45
8	283	0	59	7.55	8.45
8	284	0	59	7.55	8.45
8	285	0	60	7.55	8.45
8	286	0	60	7.55	8.45
8	287	0	61	7.55	8.45
8	288	0	61	7.55	8.45
8	289	0	62	7.55	8.45
8	290	0	63	7.55	8.45
8	291	0	63	7.55	8.45
8	292	0	63	7.55	8.45
8	293	0	63	7.55	8.45
8	294	0	64	7.55	8.45
8	295	0	65	7.55	8.45
8	296	0	65	7.55	8.45
8	297	0	66	7.55	8.45
8	298	0	67	7.55	8.45
8	299	0	67	7.55	8.45
8	300	0	67	7.55	8.45
9	1	0	0	8.55	9.45
9	2	0	0	8.55	9.45
9	3	0	0	8.55	9.45
9	4	0	0	8.55	9.45
9	5	0	0	8.55	9.45
9	6	0	0	8.55	9.45
9	7	0	0	8.55	9.45
9	8	0	0	8.55	9.45
9	9	0	0	8.55	9.45
9	10	0	0	8.55	9.45
9	11	0	0	8.55	9.45
9	12	0	0	8.55	9.45
9	13	0	0	8.55	9.45
9	14	0	0	8.55	9.45
9	15	0	0	8.55	9.45
9	16	0	0	8.55	9.45
9	17	0	0	8.55	9.45
9	18	0	0	8.55	9.45
9	19	0	0	8.55	9.45
9	20	0	0	8.55	9.45
9	21	0	0	8.55	9.45
9	22	0	0	8.55	9.45
9	23	0	0	8.55	9.45
9	24	0	0	8.55	9.45
9	25	0	0	8.55	9.45
9	26	0	0	8.55	9.45
9	27	0	0	8.55	9.45
9	28	0	0	8.55	9.45
9	29	0	0	8.55	9.45
9	30	0	0	8.55	9.45
9	31	0	1	8.55	9.45
9	32	0	2	8.55	9.45
9	33	0	2	8.55	9.45
9	34	0	2	8.55	9.45
9	35	0	2	8.55	9.45
9	36	0	2	8.55	9.45
9	37	0	2	8.55	9.45
9	38	0	2	8.55	9.45
9	39	0	2	8.55	9.45
9	40	0	3	8.55	9.45
9	41	0	3	8.55	9.45
9	42	0	3	8.55	9.45
9	43	0	3	8.55	9.45
9	44	0	3	8.55	9.45
9	45	0	4	8.55	9.45
9	46	0	4	8.55	9.45
9	47	0	4	8.55	9.45
9	48	0	4	8.55	9.45
9	49	0	5	8.55	9.45
9	50	0	5	8.55	9.45
9	51	0	5	8.55	9.45
9	52	0	5	8.55	9.45
9	53	0	5	8.55	9.45
9	54	0	6	8.55	9.45
9	55	0	6	8.55	9.45
9	56	0	6	8.55	9.45
9	57	0	6	8.55	9.45
9	58	0	7	8.55	9.45
9	59	0	7	8.55	9.45
9	60	0	7	8.55	9.45
9	61	0	7	8.55	9.45
9	62	0	8	8.55	9.45
9	63	0	8	8.55	9.45
9	64	0	8	8.55	9.45
9	65	0	8	8.55	9.45
9	66	0	8	8.55	9.45
9	67	0	8	8.55	9.45
9	68	0	8	8.55	9.45
9	69	0	8	8.55	9.45
9	70	0	8	8.55	9.45
9	71	0	8	8.55	9.45
9	72	0	8	8.55	9.45
9	73	0	8	8.55	9.45
9	74	0	8	8.55	9.45
9	75	0	9	8.55	9.45
9	76	0	9	8.55	9.45
9	77	0	9	8.55	9.45
9	78	0	10	8.55	9.45
9	79	0	10	8.55	9.45
9	80	0	10	8.55	9.45
9	81	0	10	8.55	9.45
9	82	0	10	8.55	9.45
9	83	0	10	8.55	9.45
9	84	0	10	8.55	9.45
9	85	0	11	8.55	9.45
9	86	0	11	8.55	9.45
9	87	0	11	8.55	9.45
9	88	0	11	8.55	9.45
9	89	0	11	8.55	9.45
9	90	0	11	8.55	9.45
9	91	0	11	8.55	9.45
9	92	0	11	8.55	9.45
9	93	0	11	8.55	9.45
9	94	0	11	8.55	9.45
9	95	0	11	8.55	9.45
9	96	0	11	8.55	9.45
9	97	0	11	8.55	9.45
9	98	0	11	8.55	9.45
9	99	0	11	8.55	9.45
9	100	0	11	8.55	9.45
9	101	0	12	8.55	9.45
9	102	0	12	8.55	9.45
9	103	0	12	8.55	9.45
9	104	0	12	8.55	9.45
9	105	0	12	8.55	9.45
9	106	0	12	8.55	9.45
9	107	0	12	8.55	9.45
9	108	0	12	8.55	9.45
9	109	0	12	8.55	9.45
9	110	0	12	8.55	9.45
9	111	0	12	8.55	9.45
9	112	0	12	8.55	9.45
9	113	0	12	8.55	9.45
9	114	0	13	8.55	9.45
9	115	0	13	8.55	9.45
9	116	0	13	8.55	9.45
9	117	0	13	8.55	9.45
9	118	0	13	8.55	9.45
9	119	0	13	8.55	9.45
9	120	0	13	8.55	9.45
9	121	0	13	8.55	9.45
9	122	0	13	8.55	9.45
9	123	0	13	8.55	9.45
9	124	0	13	8.55	9.45
9	125	0	13	8.55	9.45
9	126	0	13	8.55	9.45
9	127	0	13	8.55	9.45
9	128	0	13	8.55	9.45
9	129	0	13	8.55	9.45
9	130	0	14	8.55	9.45
9	131	0	14	8.55	9.45
9	132	0	14	8.55	9.45
9	133	0	14	8.55	9.45
9	134	0	14	8.55	9.45
9	135	0	14	8.55	9.45
9	136	0	14	8.55	9.45
9	137	0	14	8.55	9.45
9	138	0	14	8.55	9.45
9	139	0	14	8.55	9.45
9	140	0	14	8.55	9.45
9	141	0	14	8.55	9.45
9	142	0	15	8.55	9.45
9	143	0	16	8.55	9.45
9	144	0	17	8.55	9.45
9	145	0	17	8.55	9.45
9	146	0	17	8.55	9.45
9	147	0	17	8.55	9.45
9	148	0	17	8.55	9.45
9	149	0	17	8.55	9.45
9	150	0	17	8.55	9.45
9	151	0	18	8.55	9.45
9	152	0	18	8.55	9.45
9	153	0	18	8.55	9.45
9	154	0	18	8.55	9.45
9	155	0	18	8.55	9.45
9	156	0	18	8.55	9.45
9	157	0	19	8.55	9.45
9	158	0	19	8.55	9.45
9	159	0	19	8.55	9.45
9	160	0	19	8.55	9.45
9	161	0	19	8.55	9.45
9	162	0	19	8.55	9.45
9	163	0	19	8.55	9.45
9	164	0	19	8.55	9.45
9	165	0	19	8.55	9.45
9	166	0	19	8.55	9.45
9	167	0	19	8.55	9.45
9	168	0	19	8.55	9.45
9	169	0	19	8.55	9.45
9	170	0	19	8.55	9.45
9	171	0	19	8.55	9.45
9	172	0	19	8.55	9.45
9	173	0	19	8.55	9.45
9	174	0	19	8.55	9.45
9	175	0	19	8.55	9.45
9	176	0	19	8.55	9.45
9	177	0	19	8.55	9.45
9	178	0	19	8.55	9.45
9	179	0	19	8.55	9.45
9	180	0	19	8.55	9.45
9	181	0	19	8.55	9.45
9	182	0	20	8.55	9.45
9	183	0	20	8.55	9.45
9	184	0	20	8.55	9.45
9	185	0	21	8.55	9.45
9	186	0	21	8.55	9.45
9	187	0	21	8.55	9.45
9	188	0	22	8.55	9.45
9	189	0	22	8.55	9.45
9	190	0	23	8.55	9.45
9	191	0	23	8.55	9.45
9	192	0	23	8.55	9.45
9	193	0	23	8.55	9.45
9	194	0	23	8.55	9.45
9	195	0	23	8.55	9.45
9	196	0	23	8.55	9.45
9	197	0	23	8.55	9.45
9	198	0	24	8.55	9.45
9	199	0	24	8.55	9.45
9	200	0	24	8.55	9.45
9	201	0	24	8.55	9.45
9	202	0	24	8.55	9.45
9	203	0	24	8.55	9.45
9	204	0	24	8.55	9.45
9	205	0	24	8.55	9.45
9	206	0	24	8.55	9.45
9	207	0	24	8.55	9.45
9	208	0	24	8.55	9.45
9	209	0	25	8.55	9.45
9	210	0	26	8.55	9.45
9	211	0	27	8.55	9.45
9	212	0	27	8.55	9.45
9	213	0	27	8.55	9.45
9	214	0	27	8.55	9.45
9	215	0	27	8.55	9.45
9	216	0	27	8.55	9.45
9	217	0	27	8.55	9.45
9	218	0	27	8.55	9.45
9	219	0	27	8.55	9.45
9	220	0	27	8.55	9.45
9	221	0	27	8.55	9.45
9	222	0	27	8.55	9.45
9	223	0	27	8.55	9.45
9	224	0	27	8.55	9.45
9	225	0	27	8.55	9.45
9	226	0	28	8.55	9.45
9	227	0	28	8.55	9.45
9	228	0	28	8.55	9.45
9	229	0	28	8.55	9.45
9	230	0	28	8.55	9.45
9	231	0	29	8.55	9.45
9	232	0	30	8.55	9.45
9	233	0	30	8.55	9.45
9	234	0	30	8.55	9.45
9	235	0	30	8.55	9.45
9	236	0	30	8.55	9.45
9	237	0	30	8.55	9.45
9	238	0	30	8.55	9.45
9	239	0	30	8.55	9.45
9	240	0	30	8.55	9.45
9	241	0	30	8.55	9.45
9	242	0	30	8.55	9.45
9	243	0	30	8.55	9.45
9	244	0	30	8.55	9.45
9	245	0	30	8.55	9.45
9	246	0	30	8.55	9.45
9	247	0	30	8.55	9.45
9	248	0	30	8.55	9.45
9	249	0	31	8.55	9.45
9	250	0	31	8.55	9.45
9	251	0	32	8.55	9.45
9	252	0	32	8.55	9.45
9	253	0	32	8.55	9.45
9	254	0	32	8.55	9.45
9	255	0	32	8.55	9.45
9	256	0	32	8.55	9.45
9	257	0	32	8.55	9.45
9	258	0	32	8.55	9.45
9	259	0	32	8.55	9.45
9	260	0	32	8.55	9.45
9	261	0	32	8.55	9.45
9	262	0	32	8.55	9.45
9	263	0	33	8.55	9.45
9	264	0	33	8.55	9.45
9	265	0	34	8.55	9.45
9	266	0	34	8.55	9.45
9	267	0	34	8.55	9.45
9	268	0	34	8.55	9.45
9	269	0	34	8.55	9.45
9	270	0	34	8.55	9.45
9	271	0	34	8.55	9.45
9	272	0	34	8.55	9.45
9	273	0	34	8.55	9.45
9	274	0	34	8.55	9.45
9	275	0	34	8.55	9.45
9	276	0	34	8.55	9.45
9	277	0	34	8.55	9.45
9	278	0	34	8.55	9.45
9	279	0	34	8.55	9.45
9	280	0	34	8.55	9.45
9	281	0	34	8.55	9.45
9	282	0	34	8.55	9.45
9	283	0	35	8.55	9.45
9	284	0	35	8.55	9.45
9	285	0	35	8.55	9.45
9	286	0	35	8.55	9.45
9	287	0	35	8.55	9.45
9	288	0	35	8.55	9.45
9	289	0	35	8.55	9.45
9	290	0	35	8.55	9.45
9	291	0	35	8.55	9.45
9	292	0	35	8.55	9.45
9	293	0	35	8.55	9.45
9	294	0	35	8.55	9.45
9	295	0	35	8.55	9.45
9	296	0	35	8.55	9.45
9	297	0	35	8.55	9.45
9	298	0	35	8.55	9.45
9	299	0	35	8.55	9.45
9	300	0	35	8.55	9.45
10	1	0	0	9.55	10.45
10	2	0	0	9.55	10.45
10	3	0	0	9.55	10.45
10	4	0	0	9.55	10.45
10	5	0	0	9.55	10.45
10	6	0	0	9.55	10.45
10	7	0	0	9.55	10.45
10	8	0	0	9.55	10.45
10	9	0	0	9.55	10.45
10	10	0	0	9.55	10.45
10	11	0	0	9.55	10.45
10	12	0	0	9.55	10.45
10	13	0	0	9.55	10.45
10	14	0	0	9.55	10.45
10	15	0	0	9.55	10.45
10	16	0	0	9.55	10.45
10	17	0	0	9.55	10.45
10	18	0	0	9.55	10.45
10	19	0	0	9.55	10.45
10	20	0	0	9.55	10.45
10	21	0	0	9.55	10.45
10	22	0	0	9.55	10.45
10	23	0	0	9.55	10.45
10	24	0	0	9.55	10.45
10	25	0	0	9.55	10.45
10	26	0	0	9.55	10.45
10	27	0	0	9.55	10.45
10	28	0	0	9.55	10.45
10	29	0	0	9.55	10.45
10	30	0	0	9.55	10.45
10	31	0	0	9.55	10.45
10	32	0	0	9.55	10.45
10	33	0	0	9.55	10.45
10	34	0	0	9.55	10.45
10	35	0	0	9.55	10.45
10	36	0	0	9.55	10.45
10	37	0	0	9.55	10.45
10	38	0	0	9.55	10.45
10	39	0	1	9.55	10.45
10	40	0	1	9.55	10.45
10	41	0	2	9.55	10.45
10	42	0	2	9.55	10.45
10	43	0	2	9.55	10.45
10	44	0	3	9.55	10.45
10	45	0	3	9.55	10.45
10	46	0	3	9.55	10.45
10	47	0	3	9.55	10.45
10	48	0	3	9.55	10.45
10	49	0	3	9.55	10.45
10	50	0	3	9.55	10.45
10	51	0	3	9.55	10.45
10	52	0	3	9.55	10.45
10	53	0	3	9.55	10.45
10	54	0	3	9.55	10.45
10	55	0	3	9.55	10.45
10	56	0	3	9.55	10.45
10	57	0	3	9.55	10.45
10	58	0	3	9.55	10.45
10	59	0	3	9.55	10.45
10	60	0	3	9.55	10.45
10	61	0	3	9.55	10.45
10	62	0	3	9.55	10.45
10	63	0	3	9.55	10.45
10	64	0	3	9.55	10.45
10	65	0	3	9.55	10.45
10	66	0	3	9.55	10.45
10	67	0	3	9.55	10.45
10	68	0	3	9.55	10.45
10	69	0	3	9.55	10.45
10	70	0	3	9.55	10.45
10	71	0	4	9.55	10.45
10	72	0	4	9.55	10.45
10	73	0	5	9.55	10.45
10	74	0	5	9.55	10.45
10	75	0	5	9.55	10.45
10	76	0	5	9.55	10.45
10	77	0	5	9.55	10.45
10	78	0	5	9.55	10.45
10	79	0	5	9.55	10.45
10	80	0	5	9.55	10.45
10	81	0	5	9.55	10.45
10	82	0	5	9.55	10.45
10	83	0	5	9.55	10.45
10	84	0	6	9.55	10.45
10	85	0	6	9.55	10.45
10	86	0	6	9.55	10.45
10	87	0	6	9.55	10.45
10	88	0	6	9.55	10.45
10	89	0	7	9.55	10.45
10	90	0	7	9.55	10.45
10	91	0	7	9.55	10.45
10	92	0	7	9.55	10.45
10	93	0	8	9.55	10.45
10	94	0	8	9.55	10.45
10	95	0	8	9.55	10.45
10	96	0	8	9.55	10.45
10	97	0	9	9.55	10.45
10	98	0	9	9.55	10.45
10	99	0	9	9.55	10.45
10	100	0	9	9.55	10.45
10	101	0	9	9.55	10.45
10	102	0	9	9.55	10.45
10	103	0	10	9.55	10.45
10	104	0	10	9.55	10.45
10	105	0	10	9.55	10.45
10	106	0	10	9.55	10.45
10	107	0	10	9.55	10.45
10	108	0	10	9.55	10.45
10	109	0	10	9.55	10.45
10	110	0	10	9.55	10.45
10	111	0	10	9.55	10.45
10	112	0	10	9.55	10.45
10	113	0	11	9.55	10.45
10	114	0	11	9.55	10.45
10	115	0	11	9.55	10.45
10	116	0	11	9.55	10.45
10	117	0	11	9.55	10.45
10	118	0	11	9.55	10.45
10	119	0	11	9.55	10.45
10	120	0	11	9.55	10.45
10	121	0	11	9.55	10.45
10	122	0	11	9.55	10.45
10	123	0	12	9.55	10.45
10	124	0	12	9.55	10.45
10	125	0	12	9.55	10.45
10	126	0	12	9.55	10.45
10	127	0	12	9.55	10.45
10	128	0	12	9.55	10.45
10	129	0	12	9.55	10.45
10	130	0	12	9.55	10.45
10	131	0	12	9.55	10.45
10	132	0	12	9.55	10.45
10	133	0	12	9.55	10.45
10	134	0	12	9.55	10.45
10	135	0	12	9.55	10.45
10	136	0	12	9.55	10.45
10	137	0	12	9.55	10.45
10	138	0	12	9.55	10.45
10	139	0	12	9.55	10.45
10	140	0	12	9.55	10.45
10	141	0	12	9.55	10.45
10	142	0	12	9.55	10.45
10	143	0	12	9.55	10.45
10	144	0	12	9.55	10.45
10	145	0	12	9.55	10.45
10	146	0	12	9.55	10.45
10	147	0	12	9.55	10.45
10	148	0	12	9.55	10.45
10	149	0	12	9.55	10.45
10	150	0	12	9.55	10.45
10	151	0	12	9.55	10.45
10	152	0	12	9.55	10.45
10	153	0	12	9.55	10.45
10	154	0	12	9.55	10.45
10	155	0	12	9.55	10.45
10	156	0	12	9.55	10.45
10	157	0	12	9.55	10.45
10	158	0	12	9.55	10.45
10	159	0	12	9.55	10.45
10	160	0	12	9.55	10.45
10	161	0	12	9.55	10.45
10	162	0	12	9.55	10.45
10	163	0	12	9.55	10.45
10	164	0	12	9.55	10.45
10	165	0	12	9.55	10.45
10	166	0	12	9.55	10.45
10	167	0	12	9.55	10.45
10	168	0	12	9.55	10.45
10	169	0	12	9.55	10.45
10	170	0	12	9.55	10.45
10	171	0	12	9.55	10.45
10	172	0	12	9.55	10.45
10	173	0	12	9.55	10.45
10	174	0	12	9.55	10.45
10	175	0	12	9.55	10.45
10	176	0	12	9.55	10.45
10	177	0	12	9.55	10.45
10	178	0	12	9.55	10.45
10	179	0	12	9.55	10.45
10	180	0	12	9.55	10.45
10	181	0	12	9.55	10.45
10	182	0	12	9.55	10.45
10	183	0	12	9.55	10.45
10	184	0	12	9.55	10.45
10	185	0	12	9.55	10.45
10	186	0	12	9.55	10.45
10	187	0	12	9.55	10.45
10	188	0	12	9.55	10.45
10	189	0	13	9.55	10.45
10	190	0	13	9.55	10.45
10	191	0	13	9.55	10.45
10	192	0	13	9.55	10.45
10	193	0	13	9.55	10.45
10	194	0	13	9.55	10.45
10	195	0	13	9.55	10.45
10	196	0	13	9.55	10.45
10	197	0	13	9.55	10.45
10	198	0	13	9.55	10.45
10	199	0	14	9.55	10.45
10	200	0	14	9.55	10.45
10	201	0	15	9.55	10.45
10	202	0	15	9.55	10.45
10	203	0	15	9.55	10.45
10	204	0	15	9.55	10.45
10	205	0	15	9.55	10.45
10	206	0	15	9.55	10.45
10	207	0	15	9.55	10.45
10	208	0	15	9.55	10.45
10	209	0	15	9.55	10.45
10	210	0	15	9.55	10.45
10	211	0	15	9.55	10.45
10	212	0	15	9.55	10.45
10	213	0	15	9.55	10.45
10	214	0	15	9.55	10.45
10	215	0	15	9.55	10.45
10	216	0	15	9.55	10.45
10	217	0	15	9.55	10.45
10	218	0	15	9.55	10.45
10	219	0	15	9.55	10.45
10	220	0	15	9.55	10.45
10	221	0	15	9.55	10.45
10	222	0	15	9.55	10.45
10	223	0	15	9.55	10.45
10	224	0	15	9.55	10.45
10	225	0	16	9.55	10.45
10	226	0	16	9.55	10.45
10	227	0	16	9.55	10.45
10	228	0	16	9.55	10.45
10	229	0	16	9.55	10.45
10	230	0	17	9.55	10.45
10	231	0	17	9.55	10.45
10	232	0	17	9.55	10.45
10	233	0	17	9.55	10.45
10	234	0	17	9.55	10.45
10	235	0	18	9.55	10.45
10	236	0	18	9.55	10.45
10	237	0	18	9.55	10.45
10	238	0	18	9.55	10.45
10	239	0	18	9.55	10.45
10	240	0	18	9.55	10.45
10	241	0	18	9.55	10.45
10	242	0	18	9.55	10.45
10	243	0	18	9.55	10.45
10	244	0	18	9.55	10.45
10	245	0	18	9.55	10.45
10	246	0	18	9.55	10.45
10	247	0	18	9.55	10.45
10	248	0	18	9.55	10.45
10	249	0	18	9.55	10.45
10	250	0	18	9.55	10.45
10	251	0	18	9.55	10.45
10	252	0	18	9.55	10.45
10	253	0	18	9.55	10.45
10	254	0	18	9.55	10.45
10	255	0	18	9.55	10.45
10	256	0	18	9.55	10.45
10	257	0	18	9.55	10.45
10	258	0	18	9.55	10.45
10	259	0	18	9.55	10.45
10	260	0	18	9.55	10.45
10	261	0	18	9.55	10.45
10	262	0	18	9.55	10.45
10	263	0	18	9.55	10.45
10	264	0	18	9.55	10.45
10	265	0	18	9.55	10.45
10	266	0	18	9.55	10.45
10	267	0	18	9.55	10.45
10	268	0	18	9.55	10.45
10	269	0	18	9.55	10.45
10	270	0	18	9.55	10.45
10	271	0	18	9.55	10.45
10	272	0	18	9.55	10.45
10	273	0	18	9.55	10.45
10	274	0	18	9.55	10.45
10	275	0	18	9.55	10.45
10	276	0	18	9.55	10.45
10	277	0	18	9.55	10.45
10	278	0	18	9.55	10.45
10	279	0	18	9.55	10.45
10	280	0	18	9.55	10.45
10	281	0	18	9.55	10.45
10	282	0	18	9.55	10.45
10	283	0	18	9.55	10.45
10	284	0	18	9.55	10.45
10	285	0	18	9.55	10.45
10	286	0	18	9.55	10.45
10	287	0	18	9.55	10.45
10	288	0	18	9.55	10.45
10	289	0	18	9.55	10.45
10	290	0	18	9.55	10.45
10	291	0	18	9.55	10.45
10	292	0	18	9.55	10.45
10	293	0	18	9.55	10.45
10	294	0	18	9.55	10.45
10	295	0	18	9.55	10.45
10	296	0	18	9.55	10.45
10	297	0	18	9.55	10.45
10	298	0	18	9.55	10.45
10	299	0	18	9.55	10.45
10	300	0	18	9.55	10.45
11	1	0	0	10.55	11.45
11	2	0	0	10.55	11.45
11	3	0	0	10.55	11.45
11	4	0	0	10.55	11.45
11	5	0	0	10.55	11.45
11	6	0	0	10.55	11.45
11	7	0	0	10.55	11.45
11	8	0	0	10.55	11.45
11	9	0	0	10.55	11.45
11	10	0	0	10.55	11.45
11	11	0	0	10.55	11.45
11	12	0	0	10.55	11.45
11	13	0	0	10.55	11.45
11	14	0	0	10.55	11.45
11	15	0	0	10.55	11.45
11	16	0	0	10.55	11.45
11	17	0	0	10.55	11.45
11	18	0	0	10.55	11.45
11	19	0	0	10.55	11.45
11	20	0	0	10.55	11.45
11	21	0	0	10.55	11.45
11	22	0	0	10.55	11.45
11	23	0	0	10.55	11.45
11	24	0	0	10.55	11.45
11	25	0	0	10.55	11.45
11	26	0	0	10.55	11.45
11	27	0	0	10.55	11.45
11	28	0	0	10.55	11.45
11	29	0	0	10.55	11.45
11	30	0	0	10.55	11.45
11	31	0	0	10.55	11.45
11	32	0	0	10.55	11.45
11	33	0	0	10.55	11.45
11	34	0	0	10.55	11.45
11	35	0	0	10.55	11.45
11	36	0	0	10.55	11.45
11	37	0	0	10.55	11.45
11	38	0	0	10.55	11.45
11	39	0	0	10.55	11.45
11	40	0	0	10.55	11.45
11	41	0	0	10.55	11.45
11	42	0	0	10.55	11.45
11	43	0	0	10.55	11.45
11	44	0	0	10.55	11.45
11	45	0	0	10.55	11.45
11	46	0	0	10.55	11.45
11	47	0	0	10.55	11.45
11	48	0	0	10.55	11.45
11	49	0	0	10.55	11.45
11	50	0	0	10.55	11.45
11	51	0	0	10.55	11.45
11	52	0	0	10.55	11.45
11	53	0	0	10.55	11.45
11	54	0	0	10.55	11.45
11	55	0	1	10.55	11.45
11	56	0	1	10.55	11.45
11	57	0	2	10.55	11.45
11	58	0	2	10.55	11.45
11	59	0	2	10.55	11.45
11	60	0	2	10.55	11.45
11	61	0	3	10.55	11.45
11	62	0	3	10.55	11.45
11	63	0	3	10.55	11.45
11	64	0	3	10.55	11.45
11	65	0	3	10.55	11.45
11	66	0	3	10.55	11.45
11	67	0	3	10.55	11.45
11	68	0	3	10.55	11.45
11	69	0	3	10.55	11.45
11	70	0	3	10.55	11.45
11	71	0	3	10.55	11.45
11	72	0	3	10.55	11.45
11	73	0	3	10.55	11.45
11	74	0	3	10.55	11.45
11	75	0	3	10.55	11.45
11	76	0	3	10.55	11.45
11	77	0	3	10.55	11.45
11	78	0	3	10.55	11.45
11	79	0	3	10.55	11.45
11	80	0	3	10.55	11.45
11	81	0	3	10.55	11.45
11	82	0	3	10.55	11.45
11	83	0	3	10.55	11.45
11	84	0	3	10.55	11.45
11	85	0	3	10.55	11.45
11	86	0	3	10.55	11.45
11	87	0	3	10.55	11.45
11	88	0	3	10.55	11.45
11	89	0	3	10.55	11.45
11	90	0	3	10.55	11.45
11	91	0	3	10.55	11.45
11	92	0	3	10.55	11.45
11	93	0	3	10.55	11.45
11	94	0	3	10.55	11.45
11	95	0	3	10.55	11.45
11	96	0	3	10.55	11.45
11	97	0	3	10.55	11.45
11	98	0	3	10.55	11.45
11	99	0	3	10.55	11.45
11	100	0	3	10.55	11.45
11	101	0	3	10.55	11.45
11	102	0	3	10.55	11.45
11	103	0	3	10.55	11.45
11	104	0	3	10.55	11.45
11	105	0	3	10.55	11.45
11	106	0	3	10.55	11.45
11	107	0	3	10.55	11.45
11	108	0	3	10.55	11.45
11	109	0	3	10.55	11.45
11	110	0	3	10.55	11.45
11	111	0	4	10.55	11.45
11	112	0	4	10.55	11.45
11	113	0	4	10.55	11.45
11	114	0	4	10.55	11.45
11	115	0	4	10.55	11.45
11	116	0	4	10.55	11.45
11	117	0	4	10.55	11.45
11	118	0	4	10.55	11.45
11	119	0	4	10.55	11.45
11	120	0	4	10.55	11.45
11	121	0	4	10.55	11.45
11	122	0	4	10.55	11.45
11	123	0	4	10.55	11.45
11	124	0	4	10.55	11.45
11	125	0	4	10.55	11.45
11	126	0	4	10.55	11.45
11	127	0	4	10.55	11.45
11	128	0	4	10.55	11.45
11	129	0	4	10.55	11.45
11	130	0	4	10.55	11.45
11	131	0	4	10.55	11.45
11	132	0	4	10.55	11.45
11	133	0	4	10.55	11.45
11	134	0	4	10.55	11.45
11	135	0	4	10.55	11.45
11	136	0	4	10.55	11.45
11	137	0	4	10.55	11.45
11	138	0	4	10.55	11.45
11	139	0	4	10.55	11.45
11	140	0	4	10.55	11.45
11	141	0	4	10.55	11.45
11	142	0	4	10.55	11.45
11	143	0	4	10.55	11.45
11	144	0	4	10.55	11.45
11	145	0	4	10.55	11.45
11	146	0	4	10.55	11.45
11	147	0	4	10.55	11.45
11	148	0	4	10.55	11.45
11	149	0	4	10.55	11.45
11	150	0	4	10.55	11.45
11	151	0	4	10.55	11.45
11	152	0	4	10.55	11.45
11	153	0	4	10.55	11.45
11	154	0	4	10.55	11.45
11	155	0	4	10.55	11.45
11	156	0	4	10.55	11.45
11	157	0	4	10.55	11.45
11	158	0	4	10.55	11.45
11	159	0	4	10.55	11.45
11	160	0	4	10.55	11.45
11	161	0	4	10.55	11.45
11	162	0	4	10.55	11.45
11	163	0	4	10.55	11.45
11	164	0	4	10.55	11.45
11	165	0	4	10.55	11.45
11	166	0	4	10.55	11.45
11	167	0	4	10.55	11.45
11	168	0	4	10.55	11.45
11	169	0	4	10.55	11.45
11	170	0	5	10.55	11.45
11	171	0	5	10.55	11.45
11	172	0	5	10.55	11.45
11	173	0	5	10.55	11.45
11	174	0	5	10.55	11.45
11	175	0	5	10.55	11.45
11	176	0	5	10.55	11.45
11	177	0	5	10.55	11.45
11	178	0	6	10.55	11.45
11	179	0	6	10.55	11.45
11	180	0	6	10.55	11.45
11	181	0	6	10.55	11.45
11	182	0	6	10.55	11.45
11	183	0	6	10.55	11.45
11	184	0	6	10.55	11.45
11	185	0	6	10.55	11.45
11	186	0	6	10.55	11.45
11	187	0	6	10.55	11.45
11	188	0	6	10.55	11.45
11	189	0	6	10.55	11.45
11	190	0	6	10.55	11.45
11	191	0	6	10.55	11.45
11	192	0	6	10.55	11.45
11	193	0	6	10.55	11.45
11	194	0	6	10.55	11.45
11	195	0	6	10.55	11.45
11	196	0	6	10.55	11.45
11	197	0	6	10.55	11.45
11	198	0	6	10.55	11.45
11	199	0	6	10.55	11.45
11	200	0	6	10.55	11.45
11	201	0	6	10.55	11.45
11	202	0	6	10.55	11.45
11	203	0	6	10.55	11.45
11	204	0	6	10.55	11.45
11	205	0	6	10.55	11.45
11	206	0	6	10.55	11.45
11	207	0	6	10.55	11.45
11	208	0	7	10.55	11.45
11	209	0	7	10.55	11.45
11	210	0	7	10.55	11.45
11	211	0	7	10.55	11.45
11	212	0	7	10.55	11.45
11	213	0	7	10.55	11.45
11	214	0	7	10.55	11.45
11	215	0	7	10.55	11.45
11	216	0	7	10.55	11.45
11	217	0	7	10.55	11.45
11	218	0	7	10.55	11.45
11	219	0	7	10.55	11.45
11	220	0	8	10.55	11.45
11	221	0	8	10.55	11.45
11	222	0	8	10.55	11.45
11	223	0	8	10.55	11.45
11	224	0	8	10.55	11.45
11	225	0	8	10.55	11.45
11	226	0	8	10.55	11.45
11	227	0	8	10.55	11.45
11	228	0	8	10.55	11.45
11	229	0	8	10.55	11.45
11	230	0	8	10.55	11.45
11	231	0	8	10.55	11.45
11	232	0	8	10.55	11.45
11	233	0	8	10.55	11.45
11	234	0	8	10.55	11.45
11	235	0	8	10.55	11.45
11	236	0	8	10.55	11.45
11	237	0	8	10.55	11.45
11	238	0	8	10.55	11.45
11	239	0	8	10.55	11.45
11	240	0	8	10.55	11.45
11	241	0	8	10.55	11.45
11	242	0	8	10.55	11.45
11	243	0	8	10.55	11.45
11	244	0	8	10.55	11.45
11	245	0	8	10.55	11.45
11	246	0	8	10.55	11.45
11	247	0	8	10.55	11.45
11	248	0	8	10.55	11.45
11	249	0	8	10.55	11.45
11	250	0	8	10.55	11.45
11	251	0	8	10.55	11.45
11	252	0	8	10.55	11.45
11	253	0	8	10.55	11.45
11	254	0	8	10.55	11.45
11	255	0	8	10.55	11.45
11	256	0	8	10.55	11.45
11	257	0	8	10.55	11.45
11	258	0	8	10.55	11.45
11	259	0	8	10.55	11.45
11	260	0	8	10.55	11.45
11	261	0	8	10.55	11.45
11	262	0	8	10.55	11.45
11	263	0	8	10.55	11.45
11	264	0	9	10.55	11.45
11	265	0	9	10.55	11.45
11	266	0	9	10.55	11.45
11	267	0	9	10.55	11.45
11	268	0	9	10.55	11.45
11	269	0	9	10.55	11.45
11	270	0	9	10.55	11.45
11	271	0	9	10.55	11.45
11	272	0	9	10.55	11.45
11	273	0	9	10.55	11.45
11	274	0	9	10.55	11.45
11	275	0	9	10.55	11.45
11	276	0	9	10.55	11.45
11	277	0	9	10.55	11.45
11	278	0	9	10.55	11.45
11	279	0	9	10.55	11.45
11	280	0	9	10.55	11.45
11	281	0	9	10.55	11.45
11	282	0	9	10.55	11.45
11	283	0	9	10.55	11.45
11	284	0	9	10.55	11.45
11	285	0	9	10.55	11.45
11	286	0	9	10.55	11.45
11	287	0	9	10.55	11.45
11	288	0	9	10.55	11.45
11	289	0	9	10.55	11.45
11	290	0	9	10.55	11.45
11	291	0	9	10.55	11.45
11	292	0	9	10.55	11.45
11	293	0	9	10.55	11.45
11	294	0	9	10.55	11.45
11	295	0	9	10.55	11.45
11	296	0	9	10.55	11.45
11	297	0	9	10.55	11.45
11	298	0	9	10.55	11.45
11	299	0	9	10.55	11.45
11	300	0	9	10.55	11.45
12	1	0	0	11.55	12.45
12	2	0	0	11.55	12.45
12	3	0	0	11.55	12.45
12	4	0	0	11.55	12.45
12	5	0	0	11.55	12.45
12	6	0	0	11.55	12.45
12	7	0	0	11.55	12.45
12	8	0	0	11.55	12.45
12	9	0	0	11.55	12.45
12	10	0	0	11.55	12.45
12	11	0	0	11.55	12.45
12	12	0	0	11.55	12.45
12	13	0	0	11.55	12.45
12	14	0	0	11.55	12.45
12	15	0	0	11.55	12.45
12	16	0	0	11.55	12.45
12	17	0	0	11.55	12.45
12	18	0	0	11.55	12.45
12	19	0	0	11.55	12.45
12	20	0	0	11.55	12.45
12	21	0	0	11.55	12.45
12	22	0	0	11.55	12.45
12	23	0	0	11.55	12.45
12	24	0	0	11.55	12.45
12	25	0	0	11.55	12.45
12	26	0	0	11.55	12.45
12	27	0	0	11.55	12.45
12	28	0	0	11.55	12.45
12	29	0	0	11.55	12.45
12	30	0	0	11.55	12.45
12	31	0	0	11.55	12.45
12	32	0	0	11.55	12.45
12	33	0	0	11.55	12.45
12	34	0	0	11.55	12.45
12	35	0	0	11.55	12.45
12	36	0	0	11.55	12.45
12	37	0	0	11.55	12.45
12	38	0	0	11.55	12.45
12	39	0	0	11.55	12.45
12	40	0	0	11.55	12.45
12	41	0	0	11.55	12.45
12	42	0	0	11.55	12.45
12	43	0	0	11.55	12.45
12	44	0	0	11.55	12.45
12	45	0	0	11.55	12.45
12	46	0	0	11.55	12.45
12	47	0	0	11.55	12.45
12	48	0	0	11.55	12.45
12	49	0	0	11.55	12.45
12	50	0	0	11.55	12.45
12	51	0	0	11.55	12.45
12	52	0	0	11.55	12.45
12	53	0	0	11.55	12.45
12	54	0	0	11.55	12.45
12	55	0	0	11.55	12.45
12	56	0	0	11.55	12.45
12	57	0	0	11.55	12.45
12	58	0	0	11.55	12.45
12	59	0	0	11.55	12.45
12	60	0	0	11.55	12.45
12	61	0	0	11.55	12.45
12	62	0	0	11.55	12.45
12	63	0	0	11.55	12.45
12	64	0	0	11.55	12.45
12	65	0	0	11.55	12.45
12	66	0	0	11.55	12.45
12	67	0	0	11.55	12.45
12	68	0	0	11.55	12.45
12	69	0	0	11.55	12.45
12	70	0	0	11.55	12.45
12	71	0	0	11.55	12.45
12	72	0	0	11.55	12.45
12	73	0	0	11.55	12.45
12	74	0	0	11.55	12.45
12	75	0	0	11.55	12.45
12	76	0	1	11.55	12.45
12	77	0	1	11.55	12.45
12	78	0	1	11.55	12.45
12	79	0	1	11.55	12.45
12	80	0	1	11.55	12.45
12	81	0	1	11.55	12.45
12	82	0	1	11.55	12.45
12	83	0	1	11.55	12.45
12	84	0	1	11.55	12.45
12	85	0	1	11.55	12.45
12	86	0	1	11.55	12.45
12	87	0	1	11.55	12.45
12	88	0	1	11.55	12.45
12	89	0	1	11.55	12.45
12	90	0	1	11.55	12.45
12	91	0	1	11.55	12.45
12	92	0	1	11.55	12.45
12	93	0	1	11.55	12.45
12	94	0	1	11.55	12.45
12	95	0	1	11.55	12.45
12	96	0	1	11.55	12.45
12	97	0	1	11.55	12.45
12	98	0	1	11.55	12.45
12	99	0	1	11.55	12.45
12	100	0	1	11.55	12.45
12	101	0	1	11.55	12.45
12	102	0	1	11.55	12.45
12	103	0	1	11.55	12.45
12	104	0	1	11.55	12.45
12	105	0	1	11.55	12.45
12	106	0	1	11.55	12.45
12	107	0	1	11.55	12.45
12	108	0	1	11.55	12.45
12	109	0	1	11.55	12.45
12	110	0	1	11.55	12.45
12	111	0	1	11.55	12.45
12	112	0	1	11.55	12.45
12	113	0	1	11.55	12.45
12	114	0	1	11.55	12.45
12	115	0	1	11.55	12.45
12	116	0	1	11.55	12.45
12	117	0	1	11.55	12.45
12	118	0	1	11.55	12.45
12	119	0	1	11.55	12.45
12	120	0	1	11.55	12.45
12	121	0	1	11.55	12.45
12	122	0	1	11.55	12.45
12	123	0	1	11.55	12.45
12	124	0	1	11.55	12.45
12	125	0	1	11.55	12.45
12	126	0	1	11.55	12.45
12	127	0	1	11.55	12.45
12	128	0	1	11.55	12.45
12	129	0	1	11.55	12.45
12	130	0	1	11.55	12.45
12	131	0	1	11.55	12.45
12	132	0	1	11.55	12.45
12	133	0	1	11.55	12.45
12	134	0	1	11.55	12.45
12	135	0	1	11.55	12.45
12	136	0	1	11.55	12.45
12	137	0	2	11.55	12.45
12	138	0	2	11.55	12.45
12	139	0	2	11.55	12.45
12	140	0	2	11.55	12.45
12	141	0	2	11.55	12.45
12	142	0	2	11.55	12.45
12	143	0	2	11.55	12.45
12	144	0	2	11.55	12.45
12	145	0	2	11.55	12.45
12	146	0	2	11.55	12.45
12	147	0	2	11.55	12.45
12	148	0	2	11.55	12.45
12	149	0	2	11.55	12.45
12	150	0	2	11.55	12.45
12	151	0	2	11.55	12.45
12	152	0	2	11.55	12.45
12	153	0	2	11.55	12.45
12	154	0	2	11.55	12.45
12	155	0	2	11.55	12.45
12	156	0	2	11.55	12.45
12	157	0	2	11.55	12.45
12	158	0	2	11.55	12.45
12	159	0	2	11.55	12.45
12	160	0	2	11.55	12.45
12	161	0	2	11.55	12.45
12	162	0	2	11.55	12.45
12	163	0	2	11.55	12.45
12	164	0	2	11.55	12.45
12	165	0	3	11.55	12.45
12	166	0	3	11.55	12.45
12	167	0	3	11.55	12.45
12	168	0	3	11.55	12.45
12	169	0	3	11.55	12.45
12	170	0	3	11.55	12.45
12	171	0	3	11.55	12.45
12	172	0	3	11.55	12.45
12	173	0	3	11.55	12.45
12	174	0	3	11.55	12.45
12	175	0	3	11.55	12.45
12	176	0	3	11.55	12.45
12	177	0	3	11.55	12.45
12	178	0	3	11.55	12.45
12	179	0	3	11.55	12.45
12	180	0	3	11.55	12.45
12	181	0	3	11.55	12.45
12	182	0	3	11.55	12.45
12	183	0	3	11.55	12.45
12	184	0	3	11.55	12.45
12	185	0	3	11.55	12.45
12	186	0	3	11.55	12.45
12	187	0	3	11.55	12.45
12	188	0	3	11.55	12.45
12	189	0	3	11.55	12.45
12	190	0	3	11.55	12.45
12	191	0	3	11.55	12.45
12	192	0	3	11.55	12.45
12	193	0	3	11.55	12.45
12	194	0	3	11.55	12.45
12	195	0	3	11.55	12.45
12	196	0	3	11.55	12.45
12	197	0	3	11.55	12.45
12	198	0	3	11.55	12.45
12	199	0	3	11.55	12.45
12	200	0	3	11.55	12.45
12	201	0	3	11.55	12.45
12	202	0	3	11.55	12.45
12	203	0	3	11.55	12.45
12	204	0	3	11.55	12.45
12	205	0	3	11.55	12.45
12	206	0	3	11.55	12.45
12	207	0	3	11.55	12.45
12	208	0	3	11.55	12.45
12	209	0	3	11.55	12.45
12	210	0	3	11.55	12.45
12	211	0	3	11.55	12.45
12	212	0	3	11.55	12.45
12	213	0	3	11.55	12.45
12	214	0	3	11.55	12.45
12	215	0	3	11.55	12.45
12	216	0	3	11.55	12.45
12	217	0	3	11.55	12.45
12	218	0	3	11.55	12.45
12	219	0	3	11.55	12.45
12	220	0	3	11.55	12.45
12	221	0	3	11.55	12.45
12	222	0	3	11.55	12.45
12	223	0	3	11.55	12.45
12	224	0	3	11.55	12.45
12	225	0	3	11.55	12.45
12	226	0	3	11.55	12.45
12	227	0	3	11.55	12.45
12	228	0	3	11.55	12.45
12	229	0	3	11.55	12.45
12	230	0	3	11.55	12.45
12	231	0	3	11.55	12.45
12	232	0	3	11.55	12.45
12	233	0	3	11.55	12.45
12	234	0	3	11.55	12.45
12	235	0	3	11.55	12.45
12	236	0	3	11.55	12.45
12	237	0	3	11.55	12.45
12	238	0	3	11.55	12.45
12	239	0	3	11.55	12.45
12	240	0	3	11.55	12.45
12	241	0	3	11.55	12.45
12	242	0	3	11.55	12.45
12	243	0	3	11.55	12.45
12	244	0	3	11.55	12.45
12	245	0	3	11.55	12.45
12	246	0	3	11.55	12.45
12	247	0	3	11.55	12.45
12	248	0	3	11.55	12.45
12	249	0	3	11.55	12.45
12	250	0	3	11.55	12.45
12	251	0	3	11.55	12.45
12	252	0	4	11.55	12.45
12	253	0	5	11.55	12.45
12	254	0	5	11.55	12.45
12	255	0	5	11.55	12.45
12	256	0	5	11.55	12.45
12	257	0	5	11.55	12.45
12	258	0	5	11.55	12.45
12	259	0	5	11.55	12.45
12	260	0	5	11.55	12.45
12	261	0	5	11.55	12.45
12	262	0	5	11.55	12.45
12	263	0	5	11.55	12.45
12	264	0	5	11.55	12.45
12	265	0	5	11.55	12.45
12	266	0	5	11.55	12.45
12	267	0	5	11.55	12.45
12	268	0	5	11.55	12.45
12	269	0	5	11.55	12.45
12	270	0	5	11.55	12.45
12	271	0	5	11.55	12.45
12	272	0	5	11.55	12.45
12	273	0	5	11.55	12.45
12	274	0	5	11.55	12.45
12	275	0	5	11.55	12.45
12	276	0	5	11.55	12.45
12	277	0	5	11.55	12.45
12	278	0	5	11.55	12.45
12	279	0	5	11.55	12.45
12	280	0	5	11.55	12.45
12	281	0	5	11.55	12.45
12	282	0	5	11.55	12.45
12	283	0	5	11.55	12.45
12	284	0	5	11.55	12.45
12	285	0	5	11.55	12.45
12	286	0	5	11.55	12.45
12	287	0	5	11.55	12.45
12	288	0	6	11.55	12.45
12	289	0	6	11.55	12.45
12	290	0	6	11.55	12.45
12	291	0	6	11.55	12.45
12	292	0	6	11.55	12.45
12	293	0	6	11.55	12.45
12	294	0	6	11.55	12.45
12	295	0	6	11.55	12.45
12	296	0	6	11.55	12.45
12	297	0	6	11.55	12.45
12	298	0	6	11.55	12.45
12	299	0	6	11.55	12.45
12	300	0	6	11.55	12.45
13	1	0	0	12.55	13.45
13	2	0	0	12.55	13.45
13	3	0	0	12.55	13.45
13	4	0	0	12.55	13.45
13	5	0	0	12.55	13.45
13	6	0	0	12.55	13.45
13	7	0	0	12.55	13.45
13	8	0	0	12.55	13.45
13	9	0	0	12.55	13.45
13	10	0	0	12.55	13.45
13	11	0	0	12.55	13.45
13	12	0	0	12.55	13.45
13	13	0	0	12.55	13.45
13	14	0	0	12.55	13.45
13	15	0	0	12.55	13.45
13	16	0	0	12.55	13.45
13	17	0	0	12.55	13.45
13	18	0	0	12.55	13.45
13	19	0	0	12.55	13.45
13	20	0	0	12.55	13.45
13	21	0	0	12.55	13.45
13	22	0	0	12.55	13.45
13	23	0	0	12.55	13.45
13	24	0	0	12.55	13.45
13	25	0	0	12.55	13.45
13	26	0	0	12.55	13.45
13	27	0	0	12.55	13.45
13	28	0	0	12.55	13.45
13	29	0	0	12.55	13.45
13	30	0	0	12.55	13.45
13	31	0	0	12.55	13.45
13	32	0	0	12.55	13.45
13	33	0	0	12.55	13.45
13	34	0	0	12.55	13.45
13	35	0	0	12.55	13.45
13	36	0	0	12.55	13.45
13	37	0	0	12.55	13.45
13	38	0	0	12.55	13.45
13	39	0	0	12.55	13.45
13	40	0	0	12.55	13.45
13	41	0	0	12.55	13.45
13	42	0	0	12.55	13.45
13	43	0	0	12.55	13.45
13	44	0	0	12.55	13.45
13	45	0	0	12.55	13.45
13	46	0	0	12.55	13.45
13	47	0	0	12.55	13.45
13	48	0	0	12.55	13.45
13	49	0	0	12.55	13.45
13	50	0	0	12.55	13.45
13	51	0	0	12.55	13.45
13	52	0	0	12.55	13.45
13	53	0	0	12.55	13.45
13	54	0	0	12.55	13.45
13	55	0	0	12.55	13.45
13	56	0	0	12.55	13.45
13	57	0	0	12.55	13.45
13	58	0	0	12.55	13.45
13	59	0	0	12.55	13.45
13	60	0	0	12.55	13.45
13	61	0	0	12.55	13.45
13	62	0	0	12.55	13.45
13	63	0	0	12.55	13.45
13	64	0	0	12.55	13.45
13	65	0	0	12.55	13.45
13	66	0	0	12.55	13.45
13	67	0	0	12.55	13.45
13	68	0	0	12.55	13.45
13	69	0	0	12.55	13.45
13	70	0	0	12.55	13.45
13	71	0	0	12.55	13.45
13	72	0	0	12.55	13.45
13	73	0	0	12.55	13.45
13	74	0	0	12.55	13.45
13	75	0	0	12.55	13.45
13	76	0	0	12.55	13.45
13	77	0	0	12.55	13.45
13	78	0	0	12.55	13.45
13	79	0	0	12.55	13.45
13	80	0	0	12.55	13.45
13	81	0	0	12.55	13.45
13	82	0	0	12.55	13.45
13	83	0	0	12.55	13.45
13	84	0	0	12.55	13.45
13	85	0	0	12.55	13.45
13	86	0	0	12.55	13.45
13	87	0	0	12.55	13.45
13	88	0	1	12.55	13.45
13	89	0	1	12.55	13.45
13	90	0	1	12.55	13.45
13	91	0	1	12.55	13.45
13	92	0	1	12.55	13.45
13	93	0	1	12.55	13.45
13	94	0	1	12.55	13.45
13	95	0	1	12.55	13.45
13	96	0	1	12.55	13.45
13	97	0	1	12.55	13.45
13	98	0	1	12.55	13.45
13	99	0	1	12.55	13.45
13	100	0	1	12.55	13.45
13	101	0	1	12.55	13.45
13	102	0	1	12.55	13.45
13	103	0	1	12.55	13.45
13	104	0	1	12.55	13.45
13	105	0	1	12.55	13.45
13	106	0	1	12.55	13.45
13	107	0	1	12.55	13.45
13	108	0	1	12.55	13.45
13	109	0	1	12.55	13.45
13	110	0	1	12.55	13.45
13	111	0	1	12.55	13.45
13	112	0	1	12.55	13.45
13	113	0	1	12.55	13.45
13	114	0	1	12.55	13.45
13	115	0	1	12.55	13.45
13	116	0	1	12.55	13.45
13	117	0	1	12.55	13.45
13	118	0	1	12.55	13.45
13	119	0	1	12.55	13.45
13	120	0	1	12.55	13.45
13	121	0	1	12.55	13.45
13	122	0	1	12.55	13.45
13	123	0	1	12.55	13.45
13	124	0	1	12.55	13.45
13	125	0	1	12.55	13.45
13	126	0	1	12.55	13.45
13	127	0	1	12.55	13.45
13	128	0	1	12.55	13.45
13	129	0	1	12.55	13.45
13	130	0	1	12.55	13.45
13	131	0	1	12.55	13.45
13	132	0	1	12.55	13.45
13	133	0	1	12.55	13.45
13	134	0	1	12.55	13.45
13	135	0	1	12.55	13.45
13	136	0	1	12.55	13.45
13	137	0	1	12.55	13.45
13	138	0	1	12.55	13.45
13	139	0	1	12.55	13.45
13	140	0	1	12.55	13.45
13	141	0	1	12.55	13.45
13	142	0	1	12.55	13.45
13	143	0	1	12.55	13.45
13	144	0	1	12.55	13.45
13	145	0	1	12.55	13.45
13	146	0	1	12.55	13.45
13	147	0	1	12.55	13.45
13	148	0	1	12.55	13.45
13	149	0	1	12.55	13.45
13	150	0	1	12.55	13.45
13	151	0	1	12.55	13.45
13	152	0	1	12.55	13.45
13	153	0	1	12.55	13.45
13	154	0	1	12.55	13.45
13	155	0	1	12.55	13.45
13	156	0	1	12.55	13.45
13	157	0	1	12.55	13.45
13	158	0	1	12.55	13.45
13	159	0	1	12.55	13.45
13	160	0	1	12.55	13.45
13	161	0	1	12.55	13.45
13	162	0	1	12.55	13.45
13	163	0	1	12.55	13.45
13	164	0	1	12.55	13.45
13	165	0	1	12.55	13.45
13	166	0	1	12.55	13.45
13	167	0	1	12.55	13.45
13	168	0	1	12.55	13.45
13	169	0	1	12.55	13.45
13	170	0	1	12.55	13.45
13	171	0	1	12.55	13.45
13	172	0	1	12.55	13.45
13	173	0	1	12.55	13.45
13	174	0	1	12.55	13.45
13	175	0	1	12.55	13.45
13	176	0	1	12.55	13.45
13	177	0	1	12.55	13.45
13	178	0	1	12.55	13.45
13	179	0	1	12.55	13.45
13	180	0	1	12.55	13.45
13	181	0	1	12.55	13.45
13	182	0	1	12.55	13.45
13	183	0	1	12.55	13.45
13	184	0	1	12.55	13.45
13	185	0	1	12.55	13.45
13	186	0	1	12.55	13.45
13	187	0	1	12.55	13.45
13	188	0	1	12.55	13.45
13	189	0	1	12.55	13.45
13	190	0	1	12.55	13.45
13	191	0	1	12.55	13.45
13	192	0	1	12.55	13.45
13	193	0	1	12.55	13.45
13	194	0	1	12.55	13.45
13	195	0	1	12.55	13.45
13	196	0	1	12.55	13.45
13	197	0	1	12.55	13.45
13	198	0	1	12.55	13.45
13	199	0	1	12.55	13.45
13	200	0	1	12.55	13.45
13	201	0	1	12.55	13.45
13	202	0	1	12.55	13.45
13	203	0	1	12.55	13.45
13	204	0	1	12.55	13.45
13	205	0	1	12.55	13.45
13	206	0	1	12.55	13.45
13	207	0	1	12.55	13.45
13	208	0	1	12.55	13.45
13	209	0	1	12.55	13.45
13	210	0	1	12.55	13.45
13	211	0	1	12.55	13.45
13	212	0	1	12.55	13.45
13	213	0	1	12.55	13.45
13	214	0	1	12.55	13.45
13	215	0	1	12.55	13.45
13	216	0	1	12.55	13.45
13	217	0	1	12.55	13.45
13	218	0	1	12.55	13.45
13	219	0	1	12.55	13.45
13	220	0	1	12.55	13.45
13	221	0	1	12.55	13.45
13	222	0	1	12.55	13.45
13	223	0	1	12.55	13.45
13	224	0	1	12.55	13.45
13	225	0	1	12.55	13.45
13	226	0	1	12.55	13.45
13	227	0	1	12.55	13.45
13	228	0	1	12.55	13.45
13	229	0	1	12.55	13.45
13	230	0	1	12.55	13.45
13	231	0	1	12.55	13.45
13	232	0	1	12.55	13.45
13	233	0	1	12.55	13.45
13	234	0	1	12.55	13.45
13	235	0	1	12.55	13.45
13	236	0	1	12.55	13.45
13	237	0	1	12.55	13.45
13	238	0	1	12.55	13.45
13	239	0	1	12.55	13.45
13	240	0	1	12.55	13.45
13	241	0	1	12.55	13.45
13	242	0	1	12.55	13.45
13	243	0	1	12.55	13.45
13	244	0	1	12.55	13.45
13	245	0	1	12.55	13.45
13	246	0	1	12.55	13.45
13	247	0	1	12.55	13.45
13	248	0	1	12.55	13.45
13	249	0	1	12.55	13.45
13	250	0	1	12.55	13.45
13	251	0	1	12.55	13.45
13	252	0	1	12.55	13.45
13	253	0	1	12.55	13.45
13	254	0	1	12.55	13.45
13	255	0	1	12.55	13.45
13	256	0	1	12.55	13.45
13	257	0	1	12.55	13.45
13	258	0	1	12.55	13.45
13	259	0	1	12.55	13.45
13	260	0	1	12.55	13.45
13	261	0	1	12.55	13.45
13	262	0	1	12.55	13.45
13	263	0	1	12.55	13.45
13	264	0	1	12.55	13.45
13	265	0	1	12.55	13.45
13	266	0	1	12.55	13.45
13	267	0	1	12.55	13.45
13	268	0	1	12.55	13.45
13	269	0	1	12.55	13.45
13	270	0	1	12.55	13.45
13	271	0	1	12.55	13.45
13	272	0	1	12.55	13.45
13	273	0	1	12.55	13.45
13	274	0	1	12.55	13.45
13	275	0	1	12.55	13.45
13	276	0	1	12.55	13.45
13	277	0	1	12.55	13.45
13	278	0	1	12.55	13.45
13	279	0	1	12.55	13.45
13	280	0	1	12.55	13.45
13	281	0	1	12.55	13.45
13	282	0	1	12.55	13.45
13	283	0	1	12.55	13.45
13	284	0	1	12.55	13.45
13	285	0	1	12.55	13.45
13	286	0	1	12.55	13.45
13	287	0	1	12.55	13.45
13	288	0	1	12.55	13.45
13	289	0	1	12.55	13.45
13	290	0	1	12.55	13.45
13	291	0	1	12.55	13.45
13	292	0	1	12.55	13.45
13	293	0	1	12.55	13.45
13	294	0	1	12.55	13.45
13	295	0	1	12.55	13.45
13	296	0	1	12.55	13.45
13	297	0	1	12.55	13.45
13	298	0	1	12.55	13.45
13	299	0	1	12.55	13.45
13	300	0	1	12.55	13.45
14	1	0	0	13.55	14.45
14	2	0	0	13.55	14.45
14	3	0	0	13.55	14.45
14	4	0	0	13.55	14.45
14	5	0	0	13.55	14.45
14	6	0	0	13.55	14.45
14	7	0	0	13.55	14.45
14	8	0	0	13.55	14.45
14	9	0	0	13.55	14.45
14	10	0	0	13.55	14.45
14	11	0	0	13.55	14.45
14	12	0	0	13.55	14.45
14	13	0	0	13.55	14.45
14	14	0	0	13.55	14.45
14	15	0	0	13.55	14.45
14	16	0	0	13.55	14.45
14	17	0	0	13.55	14.45
14	18	0	0	13.55	14.45
14	19	0	0	13.55	14.45
14	20	0	0	13.55	14.45
14	21	0	0	13.55	14.45
14	22	0	0	13.55	14.45
14	23	0	0	13.55	14.45
14	24	0	0	13.55	14.45
14	25	0	0	13.55	14.45
14	26	0	0	13.55	14.45
14	27	0	0	13.55	14.45
14	28	0	0	13.55	14.45
14	29	0	0	13.55	14.45
14	30	0	0	13.55	14.45
14	31	0	0	13.55	14.45
14	32	0	0	13.55	14.45
14	33	0	0	13.55	14.45
14	34	0	0	13.55	14.45
14	35	0	0	13.55	14.45
14	36	0	0	13.55	14.45
14	37	0	0	13.55	14.45
14	38	0	0	13.55	14.45
14	39	0	0	13.55	14.45
14	40	0	0	13.55	14.45
14	41	0	0	13.55	14.45
14	42	0	0	13.55	14.45
14	43	0	0	13.55	14.45
14	44	0	0	13.55	14.45
14	45	0	0	13.55	14.45
14	46	0	0	13.55	14.45
14	47	0	0	13.55	14.45
14	48	0	0	13.55	14.45
14	49	0	0	13.55	14.45
14	50	0	0	13.55	14.45
14	51	0	0	13.55	14.45
14	52	0	0	13.55	14.45
14	53	0	0	13.55	14.45
14	54	0	0	13.55	14.45
14	55	0	0	13.55	14.45
14	56	0	0	13.55	14.45
14	57	0	0	13.55	14.45
14	58	0	0	13.55	14.45
14	59	0	0	13.55	14.45
14	60	0	0	13.55	14.45
14	61	0	0	13.55	14.45
14	62	0	0	13.55	14.45
14	63	0	0	13.55	14.45
14	64	0	0	13.55	14.45
14	65	0	0	13.55	14.45
14	66	0	0	13.55	14.45
14	67	0	0	13.55	14.45
14	68	0	0	13.55	14.45
14	69	0	0	13.55	14.45
14	70	0	0	13.55	14.45
14	71	0	0	13.55	14.45
14	72	0	0	13.55	14.45
14	73	0	0	13.55	14.45
14	74	0	0	13.55	14.45
14	75	0	0	13.55	14.45
14	76	0	0	13.55	14.45
14	77	0	0	13.55	14.45
14	78	0	0	13.55	14.45
14	79	0	0	13.55	14.45
14	80	0	0	13.55	14.45
14	81	0	0	13.55	14.45
14	82	0	0	13.55	14.45
14	83	0	0	13.55	14.45
14	84	0	0	13.55	14.45
14	85	0	0	13.55	14.45
14	86	0	0	13.55	14.45
14	87	0	0	13.55	14.45
14	88	0	0	13.55	14.45
14	89	0	0	13.55	14.45
14	90	0	0	13.55	14.45
14	91	0	0	13.55	14.45
14	92	0	0	13.55	14.45
14	93	0	0	13.55	14.45
14	94	0	0	13.55	14.45
14	95	0	0	13.55	14.45
14	96	0	0	13.55	14.45
14	97	0	0	13.55	14.45
14	98	0	0	13.55	14.45
14	99	0	0	13.55	14.45
14	100	0	0	13.55	14.45
14	101	0	0	13.55	14.45
14	102	0	0	13.55	14.45
14	103	0	0	13.55	14.45
14	104	0	0	13.55	14.45
14	105	0	0	13.55	14.45
14	106	0	0	13.55	14.45
14	107	0	0	13.55	14.45
14	108	0	0	13.55	14.45
14	109	0	0	13.55	14.45
14	110	0	0	13.55	14.45
14	111	0	0	13.55	14.45
14	112	0	0	13.55	14.45
14	113	0	0	13.55	14.45
14	114	0	0	13.55	14.45
14	115	0	0	13.55	14.45
14	116	0	0	13.55	14.45
14	117	0	0	13.55	14.45
14	118	0	0	13.55	14.45
14	119	0	0	13.55	14.45
14	120	0	0	13.55	14.45
14	121	0	0	13.55	14.45
14	122	0	0	13.55	14.45
14	123	0	0	13.55	14.45
14	124	0	0	13.55	14.45
14	125	0	0	13.55	14.45
14	126	0	0	13.55	14.45
14	127	0	0	13.55	14.45
14	128	0	0	13.55	14.45
14	129	0	0	13.55	14.45
14	130	0	0	13.55	14.45
14	131	0	0	13.55	14.45
14	132	0	0	13.55	14.45
14	133	0	0	13.55	14.45
14	134	0	0	13.55	14.45
14	135	0	0	13.55	14.45
14	136	0	0	13.55	14.45
14	137	0	0	13.55	14.45
14	138	0	0	13.55	14.45
14	139	0	0	13.55	14.45
14	140	0	0	13.55	14.45
14	141	0	0	13.55	14.45
14	142	0	0	13.55	14.45
14	143	0	0	13.55	14.45
14	144	0	0	13.55	14.45
14	145	0	0	13.55	14.45
14	146	0	0	13.55	14.45
14	147	0	0	13.55	14.45
14	148	0	0	13.55	14.45
14	149	0	0	13.55	14.45
14	150	0	0	13.55	14.45
14	151	0	0	13.55	14.45
14	152	0	0	13.55	14.45
14	153	0	0	13.55	14.45
14	154	0	0	13.55	14.45
14	155	0	0	13.55	14.45
14	156	0	0	13.55	14.45
14	157	0	0	13.55	14.45
14	158	0	0	13.55	14.45
14	159	0	0	13.55	14.45
14	160	0	0	13.55	14.45
14	161	0	0	13.55	14.45
14	162	0	0	13.55	14.45
14	163	0	0	13.55	14.45
14	164	0	0	13.55	14.45
14	165	0	0	13.55	14.45
14	166	0	0	13.55	14.45
14	167	0	0	13.55	14.45
14	168	0	0	13.55	14.45
14	169	0	0	13.55	14.45
14	170	0	0	13.55	14.45
14	171	0	0	13.55	14.45
14	172	0	0	13.55	14.45
14	173	0	0	13.55	14.45
14	174	0	0	13.55	14.45
14	175	0	0	13.55	14.45
14	176	0	0	13.55	14.45
14	177	0	0	13.55	14.45
14	178	0	0	13.55	14.45
14	179	0	0	13.55	14.45
14	180	0	0	13.55	14.45
14	181	0	0	13.55	14.45
14	182	0	0	13.55	14.45
14	183	0	0	13.55	14.45
14	184	0	0	13.55	14.45
14	185	0	0	13.55	14.45
14	186	0	0	13.55	14.45
14	187	0	0	13.55	14.45
14	188	0	0	13.55	14.45
14	189	0	0	13.55	14.45
14	190	0	0	13.55	14.45
14	191	0	0	13.55	14.45
14	192	0	0	13.55	14.45
14	193	0	0	13.55	14.45
14	194	0	0	13.55	14.45
14	195	0	0	13.55	14.45
14	196	0	0	13.55	14.45
14	197	0	0	13.55	14.45
14	198	0	0	13.55	14.45
14	199	0	0	13.55	14.45
14	200	0	0	13.55	14.45
14	201	0	0	13.55	14.45
14	202	0	0	13.55	14.45
14	203	0	0	13.55	14.45
14	204	0	0	13.55	14.45
14	205	0	0	13.55	14.45
14	206	0	0	13.55	14.45
14	207	0	0	13.55	14.45
14	208	0	0	13.55	14.45
14	209	0	0	13.55	14.45
14	210	0	0	13.55	14.45
14	211	0	0	13.55	14.45
14	212	0	0	13.55	14.45
14	213	0	0	13.55	14.45
14	214	0	0	13.55	14.45
14	215	0	0	13.55	14.45
14	216	0	0	13.55	14.45
14	217	0	0	13.55	14.45
14	218	0	0	13.55	14.45
14	219	0	0	13.55	14.45
14	220	0	0	13.55	14.45
14	221	0	0	13.55	14.45
14	222	0	0	13.55	14.45
14	223	0	0	13.55	14.45
14	224	0	0	13.55	14.45
14	225	0	0	13.55	14.45
14	226	0	0	13.55	14.45
14	227	0	0	13.55	14.45
14	228	0	0	13.55	14.45
14	229	0	0	13.55	14.45
14	230	0	0	13.55	14.45
14	231	0	0	13.55	14.45
14	232	0	0	13.55	14.45
14	233	0	0	13.55	14.45
14	234	0	0	13.55	14.45
14	235	0	0	13.55	14.45
14	236	0	0	13.55	14.45
14	237	0	0	13.55	14.45
14	238	0	0	13.55	14.45
14	239	0	0	13.55	14.45
14	240	0	0	13.55	14.45
14	241	0	0	13.55	14.45
14	242	0	0	13.55	14.45
14	243	0	0	13.55	14.45
14	244	0	0	13.55	14.45
14	245	0	0	13.55	14.45
14	246	0	0	13.55	14.45
14	247	0	0	13.55	14.45
14	248	0	0	13.55	14.45
14	249	0	0	13.55	14.45
14	250	0	0	13.55	14.45
14	251	0	0	13.55	14.45
14	252	0	0	13.55	14.45
14	253	0	0	13.55	14.45
14	254	0	0	13.55	14.45
14	255	0	0	13.55	14.45
14	256	0	0	13.55	14.45
14	257	0	0	13.55	14.45
14	258	0	0	13.55	14.45
14	259	0	0	13.55	14.45
14	260	0	0	13.55	14.45
14	261	0	0	13.55	14.45
14	262	0	0	13.55	14.45
14	263	0	0	13.55	14.45
14	264	0	0	13.55	14.45
14	265	0	0	13.55	14.45
14	266	0	0	13.55	14.45
14	267	0	0	13.55	14.45
14	268	0	0	13.55	14.45
14	269	0	0	13.55	14.45
14	270	0	0	13.55	14.45
14	271	0	0	13.55	14.45
14	272	0	0	13.55	14.45
14	273	0	0	13.55	14.45
14	274	0	0	13.55	14.45
14	275	0	0	13.55	14.45
14	276	0	0	13.55	14.45
14	277	0	0	13.55	14.45
14	278	0	0	13.55	14.45
14	279	0	0	13.55	14.45
14	280	0	0	13.55	14.45
14	281	0	0	13.55	14.45
14	282	0	0	13.55	14.45
14	283	0	0	13.55	14.45
14	284	0	0	13.55	14.45
14	285	0	0	13.55	14.45
14	286	0	0	13.55	14.45
14	287	0	0	13.55	14.45
14	288	0	0	13.55	14.45
14	289	0	0	13.55	14.45
14	290	0	0	13.55	14.45
14	291	0	0	13.55	14.45
14	292	0	0	13.55	14.45
14	293	0	0	13.55	14.45
14	294	0	0	13.55	14.45
14	295	0	0	13.55	14.45
14	296	0	0	13.55	14.45
14	297	0	0	13.55	14.45
14	298	0	0	13.55	14.45
14	299	0	0	13.55	14.45
14	300	0	0	13.55	14.45
